id,Name,Country,Latitude (º),Longitude (º),Altitude (meters),drought_index,PC1,PC2,PC3,Group,Survival_insitu_Madrid,Survival_insitu_Tübingen
159,MAR2-3,FRA,47.35,3.93333,423,-0.000591739,0.0114525,-0.0212091,0.010895,CEurope,0.2,1
265,PYL-6,FRA,44.65,-1.16667,31,0.000371342,0.00398927,-0.00771548,-0.0270959,CEurope,0.4,1
350,TOU-A1-88,FRA,46.6667,4.11667,246,NA,0.0112512,-0.0229283,0.0143931,CEurope,NA,NA
351,TOU-A1-89,FRA,46.6667,4.11667,246,NA,0.0105935,-0.022008,0.0136122,CEurope,NA,NA
403,Zdarec3,CZE,49.3667,16.2667,422,NA,0.0141786,0.000284153,0.0164383,EEurope,NA,NA
424,Draha2,CZE,49.4112,16.2815,497,NA,0.0151681,-0.00199871,0.0168496,EEurope,NA,NA
430,Gr-1,AUT,47,15.5,330,NA,0.0133222,-0.00105763,0.0152026,EEurope,NA,NA
628,LI-OF-061,USA,40.7777,-72.9069,7,NA,0.00822608,-0.0211171,0.000519335,NEEurope,NA,NA
630,LI-OF-065,USA,40.7777,-72.9069,7,NA,0.0104631,-0.0173167,0.00169979,CEurope,NA,NA
763,Kar-1,KGZ,42.3,74.3667,2467,-0.000346797,0.00865441,0.144461,0.0719597,Asia,0.4,0.857142857
765,Sus-1,KGZ,42.1833,73.4,2436,0.000121402,0.00848463,0.13973,0.0719737,Asia,1,1
766,Dja-1,KGZ,42.5833,73.6333,2995,-0.0007132,0.0108826,0.142232,0.0680689,Asia,1,1
768,Zal-1,KGZ,42.8,76.35,2520,-0.000118731,0.0100041,0.141367,0.0674104,Asia,0.8,1
772,Neo-6,TJK,37.35,72.4667,3571,-0.000199131,0.0106813,0.148492,0.0668988,Asia,1,1
801,KYC-33,USA,37.9169,-84.4639,289,NA,0.0104124,-0.0123419,0.001585,CEurope,NA,NA
870,MIC-31,USA,41.8266,-86.4366,228,NA,0.0118219,-0.0235418,0.00173035,NEEurope,NA,NA
915,LIN,USA,41.8972,-71.4378,77,NA,0.0129936,-0.0106134,0.0132259,CEurope,NA,NA
932,CHA-41,USA,42.3634,-71.1445,9,NA,0.00963279,-0.0242482,0.00163449,NEEurope,NA,NA
991,Ale-Stenar-41-1,SWE,55.3833,14.05,9,NA,0.0125221,-0.00576152,-0.0145048,SESweden,NA,NA
992,Ale-Stenar-44-4,SWE,55.3833,14.05,9,NA,0.0125713,-0.00566949,-0.0106988,SESweden,NA,NA
997,Ale-Stenar-56-14,SWE,55.3833,14.05,9,NA,0.0113126,-0.00368555,-0.0132222,SESweden,NA,NA
1002,Ale-Stenar-64-24,SWE,55.3833,14.05,9,NA,0.0127107,-0.00441537,-0.0146203,SESweden,NA,NA
1006,Ale-Stenar-77-31,SWE,55.3833,14.05,9,NA,0.0126534,-0.00849147,-0.0147478,SESweden,NA,NA
1061,BrÌ¦sarp-11-135,SWE,55.7167,14.1333,42,NA,0.011594,-0.00281042,-0.00908494,SESweden,NA,NA
1062,BrÌ¦sarp-15-138,SWE,55.7167,14.1333,42,NA,0.0136384,-0.0105691,-0.0213645,SWSweden,NA,NA
1063,BrÌ¦sarp-21-140,SWE,55.7167,14.1333,42,NA,0.0123913,-0.00276065,-0.00521092,SESweden,NA,NA
1066,BrÌ¦sarp-34-145,SWE,55.7167,14.1333,42,NA,0.0122013,-0.00585241,-0.00490696,SESweden,NA,NA
1070,BrÌ¦sarp-45-153,SWE,55.7167,14.1333,42,NA,0.0130559,-0.00468906,-0.00241685,SESweden,NA,NA
1158,Aledal-6-49,SWE,56.7,16.5167,39,NA,0.0101708,0.000333005,-0.0151887,SESweden,NA,NA
1166,Aledal-14-73,SWE,56.7,16.5167,39,NA,0.00982728,-0.00214849,-0.0146884,SESweden,NA,NA
1254,Tos-82-387,SWE,59.4333,17.0167,41,NA,0.00601278,0.0196581,-0.0725682,NSweden,NA,NA
1257,Tos-95-393,SWE,59.4333,17.0167,41,NA,0.00715714,0.0152883,-0.0586357,NSweden,NA,NA
1313,ÌãngsÌ¦-59-422,SWE,59.5667,16.8667,11,NA,0.00749377,0.0152313,-0.0490845,SESweden,NA,NA
1317,ÌãngsÌ¦-74-430,SWE,59.5667,16.8667,11,NA,0.00528493,0.0134431,-0.0513228,SESweden,NA,NA
1552,Sku-30,SWE,63.0833,18.3667,126,NA,0.00518021,0.0542161,-0.110964,NSweden,NA,NA
1829,Mdn-1,USA,42.051,-86.509,193,NA,0.0119287,-0.0183187,0.00586744,NEEurope,NA,NA
1853,MNF-Pot-21,USA,43.595,-86.2657,265,NA,0.0122604,-0.0179347,0.00497054,NEEurope,NA,NA
1872,MNF-Pot-75,USA,43.595,-86.2657,265,NA,0.0109656,-0.0187598,0.00388331,NEEurope,NA,NA
1890,MNF-Riv-21,USA,43.5139,-86.1859,214,NA,0.0115984,0.101872,0.0409477,Asia,NA,NA
1925,MNF-Che-2,USA,43.5251,-86.1843,214,NA,0.0119152,0.00439893,0.00806988,NEEurope,NA,NA
1954,MNF-Jac-12,USA,43.5187,-86.1739,218,NA,0.0119043,-0.00197739,0.00781823,NEEurope,NA,NA
2016,MNF-Pin-39,USA,43.5356,-86.1788,217,NA,0.0112342,0.00237373,0.0169716,EEurope,NA,NA
2057,Map-42,USA,42.166,-86.412,195,NA,0.011517,-0.0221419,0.00220528,NEEurope,NA,NA
2171,Paw-26,USA,42.148,-86.431,193,NA,0.0115027,-0.0181361,0.00826145,NEEurope,NA,NA
2278,SLSP-35,USA,43.665,-86.496,178,NA,0.0112248,-0.0196968,0.00405268,NEEurope,NA,NA
2317,Ste-40,USA,42.03,-86.514,193,NA,0.0119451,-0.0217536,0.00635094,NEEurope,NA,NA
4779,UKSW06-179,UK,50.4,-4.9,123,NA,0.00901239,-0.0230217,0.000458885,NEEurope,NA,NA
4807,UKSW06-207,UK,50.4,-4.9,123,NA,0.00959427,-0.0192531,0.00313233,NEEurope,NA,NA
4884,UKSW06-285,UK,50.3,-4.9,74,NA,0.0102516,-0.0264309,0.00449475,NEEurope,NA,NA
4958,UKSW06-360,UK,50.5,-4.5,221,NA,0.00904206,-0.0197454,0.00206667,NEEurope,NA,NA
5104,UKSE06-252,UK,51.3,0.5,23,NA,0.013367,-0.0012741,0.0085889,CEurope,NA,NA
5151,UKSE06-325,UK,52.2,-1.7,39,-0.000121791,0.00943919,-0.0163772,-0.00241454,NEEurope,0.333333333,1
5165,UKSE06-362,UK,51.3,0.4,45,7.12E-05,0.0098538,-0.0129075,0.000265376,CEurope,0.166666667,1
5210,UKSE06-432,UK,51.2,0.3,20,NA,0.00886597,-0.0187472,0.00392693,CEurope,NA,NA
5279,UKSE06-541,UK,51.3,1.1,6,NA,0.00921185,-0.0253522,0.00276984,NEEurope,NA,NA
5349,UKSE06-639,UK,51.1,0.4,65,NA,0.0100121,-0.0153789,0.00308455,CEurope,NA,NA
5353,UKNW06-003,UK,54.5,-3,769,NA,0.0108303,-0.0268609,0.00490172,NEEurope,NA,NA
5486,UKNW06-233,UK,54.6,-3.3,205,NA,0.0137064,-0.000223001,0.00884088,CEurope,NA,NA
5577,UKNW06-403,UK,54.7,-3.4,94,NA,0.0109851,-0.027332,0.00624774,NEEurope,NA,NA
5644,UKNW06-481,UK,54.4,-2.9,189,NA,0.0106996,-0.0197756,0.00434475,NEEurope,NA,NA
5741,For-2,UK,56.6,-4.1,412,NA,0.00927767,-0.017328,-0.00375265,CEurope,NA,NA
5768,UKID63,UK,54.1,-1.5,27,0.000327979,0.011247,-0.0168219,-0.00294078,CEurope,0.166666667,1
5772,Set-1,UK,54.1,-2.3,293,-0.000318233,0.0132389,-0.0172846,0.0139535,CEurope,0.142857143,0.833333333
5779,UKID74,UK,51,-3.1,33,NA,0.010272,-0.0203578,0.00276496,CEurope,NA,NA
5784,Ty-1,UK,56.4,-5.2,152,-2.77E-05,0.00196302,-0.000820043,-0.0372237,CEurope,0.5,0.857142857
5800,UKID96,UK,57.4,-5.5,97,NA,0.0130136,-0.014155,0.0095439,CEurope,NA,NA
5811,UKID107,UK,52.9,-3.1,265,-0.00038985,0.0110802,-0.0166737,0.0031577,CEurope,0,0.857142857
5830,App1-12,SWE,56.3333,15.9667,19,NA,0.0121024,-0.00291142,0.00436281,SESweden,NA,NA
5831,App1-14,SWE,56.3333,15.9667,19,NA,0.0107302,0.000300548,-0.0100481,SESweden,NA,NA
5832,App1-16,SWE,56.3333,15.9667,19,NA,0.00956568,-0.00524213,-0.0203681,SESweden,NA,NA
5836,Boo2-3,SWE,55.86,13.51,61,NA,0.0132399,-0.0125496,-0.0235502,SWSweden,NA,NA
5837,Bor-1,CZE,49.4013,16.2326,508,NA,0.0141187,-0.00135083,0.0150773,EEurope,NA,NA
5856,DÌ¦r-10,SWE,63.0167,17.4914,324,NA,0.00310202,0.0453645,-0.128862,NSweden,NA,NA
5860,Dra-3,SWE,62.6814,18.0165,78,NA,0.00678307,0.0380916,-0.0909258,NSweden,NA,NA
5865,Dra1-4,SWE,55.76,14.12,80,NA,0.0123741,0.000942144,-0.0104247,SESweden,NA,NA
5867,Dra2-1,SWE,55.76,14.12,80,NA,0.0118168,0.00423408,-0.0104261,SESweden,NA,NA
5893,DraIV,CZE,49.4112,16.2815,497,NA,0.0149084,-0.00138128,0.0164292,EEurope,NA,NA
5907,DraIV,CZE,49.4112,16.2815,497,NA,0.0149811,-0.00011911,0.0167503,EEurope,NA,NA
5950,DraIV,CZE,49.4112,16.2815,497,NA,0.0141732,-0.00292267,0.0170365,EEurope,NA,NA
5984,DraIV,CZE,49.4112,16.2815,497,NA,0.0143591,-0.00298344,0.0156962,EEurope,NA,NA
6008,Duk,CZE,49.1,16.2,325,NA,0.0141752,-0.00314334,0.016281,EEurope,NA,NA
6009,Eden-1,SWE,62.877,18.177,50,NA,0.00601297,0.0568704,-0.129457,NSweden,NA,NA
6010,Eden-5,SWE,62.877,18.177,50,NA,0.00555637,0.0532325,-0.136924,NSweden,NA,NA
6011,Eden-6,SWE,62.877,18.177,50,NA,0.00587826,0.0619867,-0.134585,NSweden,NA,NA
6012,Eden-7,SWE,62.877,18.177,50,NA,0.00569988,0.0560181,-0.13068,NSweden,NA,NA
6013,Eden-9,SWE,62.877,18.177,50,NA,0.0063278,0.0576989,-0.127288,NSweden,NA,NA
6016,Eds-1,SWE,62.9,18.4,15,NA,0.00438539,0.0600702,-0.121231,NSweden,NA,NA
6017,Eds-9,SWE,62.9,18.4,15,NA,0.00559788,0.0610159,-0.122366,NSweden,NA,NA
6019,FjÌ_1-2,SWE,56.06,14.29,32,NA,0.0123632,-0.0060797,-0.00210965,SESweden,NA,NA
6020,FjÌ_1-5,SWE,56.06,14.29,32,NA,0.0127046,-0.00475541,0.00077975,SESweden,NA,NA
6023,Fly2-1,SWE,55.7509,13.3712,24,NA,0.013758,-0.0120256,-0.0229825,SWSweden,NA,NA
6024,Fly2-2,SWE,55.7509,13.3712,24,NA,0.0131991,-0.0113784,-0.0287397,SWSweden,NA,NA
6025,Gro-3,SWE,62.6437,17.7339,170,0.000460737,0.00596748,0.0302906,-0.0884305,NSweden,0.6,0.857142857
6030,GrÌ¦n-5,SWE,62.806,18.1896,38,NA,0.00749577,0.0308922,-0.078255,NSweden,NA,NA
6034,Hov1-7,SWE,56.1,13.74,59,NA,0.0129778,-0.0063935,-0.0153312,SESweden,NA,NA
6035,Hov1-10,SWE,56.1,13.74,59,NA,0.012914,-0.00855932,-0.0143468,SWSweden,NA,NA
6036,Hov3-2,SWE,56.1,13.74,59,NA,0.0128806,-0.00749063,-0.00519694,SESweden,NA,NA
6038,Hov3-5,SWE,56.1,13.74,59,NA,0.0123432,-0.00716181,-0.0127809,SESweden,NA,NA
6039,Hovdala-2,SWE,56.1,13.74,59,NA,0.0132209,-0.00037267,0.00605008,SESweden,NA,NA
6040,Kni-1,SWE,55.66,13.4,82,-0.000131102,0.0129745,-0.0129407,-0.0259704,SWSweden,0,1
6041,Lis-3,SWE,56.0328,14.775,2,NA,0.0130524,-0.000261595,0.00219473,SESweden,NA,NA
6042,Lom1-1,SWE,56.09,13.9,36,NA,0.0129971,-0.00338025,0.00743452,EEurope,NA,NA
6070,Omn-1,SWE,62.9308,18.3448,45,NA,0.00597407,0.0506672,-0.125732,NSweden,NA,NA
6071,Omn-5,SWE,62.9308,18.3448,45,NA,0.00555332,0.0497817,-0.128407,NSweden,NA,NA
6073,ÌÐMÌ¦1-7,SWE,56.1481,15.8155,13,7.82E-05,0.0112008,-0.00262828,0.00165404,SESweden,0.142857143,1
6074,ÌÐr-1,SWE,56.4573,16.1408,-1,-0.000262771,0.00928141,-0.0015437,-0.0184079,SESweden,0.5,1
6076,Rev-2,SWE,55.6942,13.4504,29,NA,0.0134347,-0.00451122,-0.00347311,SESweden,NA,NA
6077,Rev-3,SWE,55.6942,13.4504,29,NA,0.0126944,-0.0120173,-0.0285893,SWSweden,NA,NA
6085,Sparta-1,SWE,55.7097,13.2145,69,NA,0.0124422,-0.00285349,-0.00975936,SESweden,NA,NA
6086,Sr:3,SWE,58.9,11.2,17,NA,0.00539459,4.98E-06,-0.0406816,SESweden,NA,NA
6087,Stu-2,SWE,56.4666,16.1284,3,NA,0.0125697,-0.00422577,-0.0048948,SESweden,NA,NA
6088,Stu1-1,SWE,56.4666,16.1284,3,NA,0.0110648,-0.00553068,-0.00359211,SESweden,NA,NA
6090,T1000,SWE,55.6525,13.2197,13,NA,0.0124626,-0.00255434,-0.00350831,SESweden,NA,NA
6091,T1010,SWE,55.6525,13.215,13,NA,0.013301,-0.0117546,-0.0325113,SWSweden,NA,NA
6092,T1020,SWE,55.6514,13.2233,13,NA,0.0136145,-0.00644625,-0.00815521,SESweden,NA,NA
6094,T1040,SWE,55.6494,13.2147,13,NA,0.0108609,-0.00565497,-0.00889895,SESweden,NA,NA
6095,T1050,SWE,55.6486,13.2161,13,NA,0.0140639,-0.00937198,-0.00284214,SESweden,NA,NA
6096,T1060,SWE,55.6472,13.2225,14,NA,0.0127215,-0.00595765,-0.00857818,SESweden,NA,NA
6097,T1070,SWE,55.6481,13.2264,14,NA,0.0128069,-0.0062453,-0.00290406,SESweden,NA,NA
6098,T1080,SWE,55.6561,13.2178,13,NA,0.0103588,-0.00768103,-0.00778591,SESweden,NA,NA
6099,T1090,SWE,55.6575,13.2386,15,NA,0.0105764,-0.00618243,-0.0110632,SESweden,NA,NA
6100,T1110,SWE,55.6,13.2,57,NA,0.0127548,-0.00829296,-0.00369869,SESweden,NA,NA
6101,T1120,SWE,55.6,13.2,57,NA,0.0117976,-0.00802353,-0.00969833,SESweden,NA,NA
6102,T1130,SWE,55.6,13.2,57,NA,0.0127259,-0.00596882,-0.00566983,SESweden,NA,NA
6104,T1160,SWE,55.7,13.2,28,NA,0.0130794,-0.0123741,-0.0297918,SWSweden,NA,NA
6105,T450,SWE,55.7967,13.1211,14,NA,0.0120302,-0.00516353,-0.00864936,SESweden,NA,NA
6106,T460,SWE,55.7931,13.1186,14,NA,0.0142312,-0.00408954,-0.00837317,SESweden,NA,NA
6107,T470,SWE,55.7942,13.1222,14,NA,0.0131197,-0.00678284,-0.012124,SESweden,NA,NA
6108,T480,SWE,55.7989,13.1206,14,-3.73E-05,0.00853208,-0.0222324,0.000570075,NEEurope,0,1
6109,T510,SWE,55.7936,13.1233,14,NA,0.0126711,-0.00730729,-0.00656951,SESweden,NA,NA
6111,T530,SWE,55.7989,13.1219,14,NA,0.0136003,-0.00690007,-0.00412946,SESweden,NA,NA
6112,T540,SWE,55.7967,13.1044,22,NA,0.0134512,-0.00815299,-0.00777035,SESweden,NA,NA
6113,T550,SWE,55.8078,13.1028,17,NA,0.0135807,-0.00912713,-0.00632986,SESweden,NA,NA
6114,T570,SWE,55.8097,13.1342,29,NA,0.0136614,-0.00756733,-0.00804696,SESweden,NA,NA
6115,T580,SWE,55.8,13.1367,14,NA,0.0132152,-0.00621948,-0.00443628,SESweden,NA,NA
6118,T610,SWE,55.7,13.2,28,NA,0.0130253,-0.0118063,-0.0306038,SWSweden,NA,NA
6119,T620,SWE,55.7,13.2,28,NA,0.0125005,-0.00584495,-0.0048781,SESweden,NA,NA
6122,T670,SWE,55.8364,13.3075,66,NA,0.0140694,-0.0103823,-0.0222661,SWSweden,NA,NA
6123,T680,SWE,55.8369,13.3033,66,NA,0.0140774,-0.00698718,-0.0105043,SESweden,NA,NA
6124,T690,SWE,55.8378,13.3092,68,NA,0.012932,-0.0073749,-0.00717529,SESweden,NA,NA
6125,T710,SWE,55.8403,13.3106,68,NA,0.0136044,-0.0118854,-0.0234879,SWSweden,NA,NA
6126,T720,SWE,55.8411,13.3047,66,NA,0.0146409,-0.0058922,-0.00493626,SESweden,NA,NA
6128,T740,SWE,55.8397,13.2881,71,NA,0.0138102,-0.00567756,-0.00552813,SESweden,NA,NA
6131,T780,SWE,55.8369,13.3181,71,NA,0.0141302,-0.0108097,-0.0177913,SWSweden,NA,NA
6132,T790,SWE,55.8386,13.3186,71,NA,0.0125336,-0.00667786,-0.0206775,SWSweden,NA,NA
6133,T800,SWE,55.8364,13.2906,71,NA,0.013722,-0.0104276,-0.0196871,SWSweden,NA,NA
6134,T810,SWE,55.8383,13.2906,71,NA,0.0134266,-0.00633066,-0.00955824,SESweden,NA,NA
6136,T840,SWE,55.9336,13.5519,76,NA,0.0140868,-0.0124321,-0.0234164,SWSweden,NA,NA
6137,T850,SWE,55.9419,13.5603,90,NA,0.0129553,-0.00943076,-0.012161,SWSweden,NA,NA
6138,T860,SWE,55.9403,13.5511,76,NA,0.0122623,-0.00728866,-0.0181465,SWSweden,NA,NA
6140,T880,SWE,55.9392,13.5539,76,NA,0.012515,-0.0105005,-0.0232838,SWSweden,NA,NA
6141,T890,SWE,55.9414,13.5542,76,NA,0.0126808,-0.00834811,-0.00775371,SESweden,NA,NA
6142,T900,SWE,55.9428,13.5558,88,NA,0.0126764,-0.012269,-0.0234629,SWSweden,NA,NA
6145,T930,SWE,55.9497,13.5533,88,-0.000506569,0.0130844,-0.0128674,-0.0254074,SWSweden,0.2,0.857142857
6148,T960,SWE,55.9319,13.5508,66,NA,0.0133276,-0.010069,-0.0175387,SWSweden,NA,NA
6149,T970,SWE,55.9281,13.5481,66,NA,0.0134781,-0.012829,-0.0190403,SWSweden,NA,NA
6150,T980,SWE,55.9261,13.5319,79,0.000264548,0.0139473,-0.0119634,-0.019208,SWSweden,0.5,0.571428571
6151,T990,SWE,55.6528,13.2244,13,0.000606832,0.0107143,-0.0114396,-0.00684337,SESweden,0.285714286,1
6169,TÌÉD,SWE,62.8714,18.3447,107,NA,0.00526253,0.0483857,-0.130027,NSweden,NA,NA
6172,TÌÉD,SWE,62.8717,18.3436,107,NA,0.00596476,0.0556774,-0.128438,NSweden,NA,NA
6173,TÌÉD,SWE,62.8717,18.3419,107,NA,0.0060394,0.0557697,-0.129228,NSweden,NA,NA
6174,TÌÉD,SWE,62.8719,18.3422,107,NA,0.00606443,0.054427,-0.131628,NSweden,NA,NA
6177,TÌãL,SWE,62.6322,17.69,134,0.000490232,0.00608222,0.0453359,-0.100111,NSweden,0.833333333,1
6180,TÌãL,SWE,62.6322,17.6906,134,-0.000254135,0.0131053,-0.00646127,0.0105635,CEurope,0.4,0.857142857
6184,TBÌÐ,SWE,62.8892,18.4522,1,0.000107075,0.00598571,0.0420274,-0.0997449,NSweden,0.166666667,1
6188,TDr-1,SWE,55.7683,14.1386,80,NA,0.0140972,-0.00189704,0.000851343,SESweden,NA,NA
6189,TDr-2,SWE,55.7686,14.1383,80,NA,0.01159,-0.00558576,-0.00162848,SESweden,NA,NA
6191,TDr-4,SWE,55.7689,14.1375,80,NA,0.0132823,-0.00563737,0.000221257,SESweden,NA,NA
6192,TDr-5,SWE,55.7692,14.1369,80,NA,0.0125058,-0.00709434,-0.00233965,SESweden,NA,NA
6193,TDr-7,SWE,55.7694,14.1347,80,NA,0.0127791,-0.00652038,-0.00405245,SESweden,NA,NA
6194,TDr-8,SWE,55.7706,14.1342,80,NA,0.0103154,-0.004616,-0.0082593,SESweden,NA,NA
6195,TDr-9,SWE,55.7708,14.1342,80,6.72E-05,0.0128346,-0.00539438,-0.00311764,SESweden,0,0.428571429
6198,TDr-13,SWE,55.7708,14.1331,85,NA,0.0134052,-0.00182934,-0.00399712,SESweden,NA,NA
6201,TDr-16,SWE,55.7719,14.1211,78,NA,0.0113754,-0.00335674,-0.0105192,SESweden,NA,NA
6202,TDr-17,SWE,55.7717,14.1206,78,NA,0.0115125,-0.00411605,-0.00978237,SESweden,NA,NA
6203,TDr-18,SWE,55.7714,14.1208,78,NA,0.0119735,-0.001162,-0.00838932,SESweden,NA,NA
6209,TEDEN,SWE,62.8836,18.1842,8,0.000549565,0.00578862,0.0508446,-0.126001,NSweden,0.714285714,1
6210,TEDEN,SWE,62.8839,18.1836,8,NA,0.00617806,0.0554622,-0.122749,NSweden,NA,NA
6214,TFÌã,SWE,63.0175,18.3281,1,NA,0.00586858,0.0612534,-0.1324,NSweden,NA,NA
6216,TFÌã,SWE,63.0167,18.3283,1,0.000148468,0.00622531,0.0597134,-0.12925,NSweden,0.2,0.857142857
6217,TFÌã,SWE,63.0169,18.3283,1,NA,0.00567698,0.0615649,-0.131177,NSweden,NA,NA
6218,TFÌã,SWE,63.0172,18.3283,1,NA,0.00568091,0.0645101,-0.124756,NSweden,NA,NA
6220,TGR,SWE,62.806,18.1896,38,NA,0.00687451,0.0363211,-0.0866989,NSweden,NA,NA
6235,TOM,SWE,62.9611,18.3589,87,NA,0.00620144,0.0538431,-0.131651,NSweden,NA,NA
6237,TOM,SWE,62.9619,18.35,95,NA,0.00636029,0.0503891,-0.126441,NSweden,NA,NA
6242,Tomegap-2,SWE,55.7,13.2,28,NA,0.0132802,-0.00731026,-0.00567114,SESweden,NA,NA
6243,Tottarp-2,SWE,56.27373,13.90045,78,-0.000709927,0.0138661,-0.00402978,0.0146903,EEurope,0,0.833333333
6244,TRÌã,SWE,62.9169,18.4728,116,4.50E-05,0.00518379,0.050896,-0.129063,NSweden,0.714285714,1
6258,TV-10,SWE,55.5796,14.3336,0,NA,0.00914579,-0.00513315,-0.0161347,SESweden,NA,NA
6284,TV-38,SWE,55.5796,14.3336,0,NA,0.0117465,-0.00454758,-0.00808687,SESweden,NA,NA
6390,UduI,CZE,49.2771,16.6314,444,NA,0.0141151,-0.000466443,0.0142463,EEurope,NA,NA
6413,Ull3-4,SWE,56.06,13.97,33,NA,0.0131067,-0.00370771,-0.00599893,SESweden,NA,NA
6424,ZdrI,CZE,49.3853,16.2544,500,NA,0.0146973,-0.00169319,0.0160791,EEurope,NA,NA
6680,ANH-1,GER,51.85,6.4333,18,NA,0.00938388,-0.022054,0.0128465,CEurope,NA,NA
6830,Kz-13,KAZ,49.5,73.1,645,NA,0.0106378,0.0350241,0.0120057,Asia,NA,NA
6897,Ag-0,FRA,45,1.3,287,NA,0.00886234,-0.0206037,0.0069729,CEurope,NA,NA
6898,An-1,BEL,51.2167,4.4,13,-0.000297462,0.0104039,-0.0154071,0.00297928,CEurope,0.166666667,1
6903,Bor-4,CZE,49.4013,16.2326,508,NA,0.014202,-0.00053748,0.0151231,EEurope,NA,NA
6904,Br-0,CZE,49.2,16.6166,208,NA,0.0113209,-0.0202327,0.0182367,CEurope,NA,NA
6907,CIBC-17,UK,51.4083,-0.6383,67,NA,0.00997233,-0.0126273,-0.000180721,CEurope,NA,NA
6911,Cvi-0,CPV,15.1111,-23.6167,294,-0.000890943,-0.0570825,0.00544664,-0.00492651,Relicts,0.333333333,0.857142857
6913,Eden-2,SWE,62.877,18.177,50,NA,0.00684852,0.053796,-0.127852,NSweden,NA,NA
6915,Ei-2,GER,50.3,6.3,533,-0.000343657,0.0118831,-0.0177094,0.00991717,CEurope,0,0.857142857
6917,FÌ_b-2,SWE,63.0165,18.3174,40,NA,0.00633809,0.0620652,-0.118582,NSweden,NA,NA
6918,FÌ_b-4,SWE,63.0165,18.3174,40,NA,0.00549514,0.0569562,-0.122086,NSweden,NA,NA
6919,Ga-0,GER,50.3,8,412,NA,0.0116155,-0.00145486,0.0153938,EEurope,NA,NA
6922,Gu-0,GER,50.3,8,412,NA,0.0128545,-0.0130682,0.00626345,CEurope,NA,NA
6923,HR-10,UK,51.4083,-0.6383,67,NA,0.00997625,-0.027588,0.00516241,NEEurope,NA,NA
6929,Kondara,TJK,38.48,68.49,926,-0.000326302,0.0116395,0.143561,0.0690155,Asia,0,0.857142857
6931,Kz-9,KAZ,49.5,73.1,645,NA,0.00851769,0.116803,0.0489041,Asia,NA,NA
6938,Ms-0,RUS,55.7522,37.6322,153,0.000775191,0.0111722,0.0602976,0.0283763,Asia,0.8,0.857142857
6940,Mz-0,GER,50.3,8.3,346,0.000320594,0.0123169,-0.0118707,0.0105255,CEurope,0.5,0.857142857
6943,NFA-10,UK,51.4083,-0.6383,67,NA,0.00974144,-0.0257293,0.00433551,NEEurope,NA,NA
6944,NFA-8,UK,51.4083,-0.6383,67,NA,0.0102093,-0.0259983,0.00286703,NEEurope,NA,NA
6945,Nok-3,NED,52.24,4.45,2,-0.000241452,0.0100877,-0.0122725,-0.00203489,CEurope,0.333333333,0.875
6951,Pu2-23,CZE,49.42,16.36,432,NA,0.0140277,0.00146728,0.0145208,EEurope,NA,NA
6956,Pu2-7,CZE,49.42,16.36,432,NA,0.0142137,0.000343815,0.0112918,EEurope,NA,NA
6957,Pu2-8,CZE,49.42,16.36,432,NA,0.0144653,-0.00128235,0.0108368,EEurope,NA,NA
6958,Ra-0,FRA,46,3.3,328,0.000249832,0.00829838,-0.0235693,0.00864332,CEurope,0.428571429,0.857142857
6959,Ren-1,FRA,48.5,-1.41,43,NA,0.00893033,-0.0219889,0.000984081,NEEurope,NA,NA
6960,Ren-11,FRA,48.5,-1.41,43,NA,0.00904402,-0.0215069,0.00225734,NEEurope,NA,NA
6961,Se-0,ESP,38.3333,-3.53333,763,0.000118806,0.00316817,-0.0243181,0.00229449,NESpain,0.285714286,1
6963,Sorbo,TJK,38.35,68.48,647,-0.000700306,0.0107388,0.135231,0.0655706,Asia,0.666666667,0.857142857
6966,Sq-1,UK,51.4083,-0.6383,67,NA,0.010076,-0.025225,0.00389666,NEEurope,NA,NA
6967,Sq-8,UK,51.4083,-0.6383,67,NA,0.0103245,-0.0163852,0.000787383,CEurope,NA,NA
6970,Ts-1,ESP,41.7194,2.93056,13,NA,0.00194073,-0.0283475,0.00180037,NESpain,NA,NA
6971,Ts-5,ESP,41.7194,2.93056,13,NA,0.000443305,-0.0273309,0.000283867,NESpain,NA,NA
6973,Ull2-3,SWE,56.0648,13.9707,33,NA,0.010428,-0.00427255,0.000384771,CEurope,NA,NA
6974,Ull2-5,SWE,56.0648,13.9707,33,NA,0.0128268,3.57E-05,-0.00932552,SESweden,NA,NA
6975,Uod-1,AUT,48.3,14.45,348,NA,0.0132127,-0.00511064,0.0181053,EEurope,NA,NA
6976,Uod-7,AUT,48.3,14.45,348,NA,0.0127151,-0.00339186,0.0189112,EEurope,NA,NA
6979,Wei-0,SUI,47.25,8.26,634,-0.000119401,0.0114922,-0.0156244,0.015576,EEurope,0.2,0.857142857
6984,Zdr-1,CZE,49.3853,16.2544,500,NA,0.0143496,-0.0001383,0.0164347,EEurope,NA,NA
6986,Abd-0,UK,57.1539,-2.2207,156,NA,0.00988206,-0.0269866,0.00297329,NEEurope,NA,NA
6987,Ak-1,GER,48.0683,7.62551,243,4.49E-05,0.0114919,-0.0194604,0.0134221,CEurope,0.285714286,1
6989,Alst-1,UK,54.8,-2.4333,370,NA,0.00947617,-0.0247978,0.00323923,NEEurope,NA,NA
6990,Amel-1,NED,53.448,5.73,1,NA,0.0125864,-0.00646537,0.00908984,EEurope,NA,NA
6992,Ang-0,BEL,50.3,5.3,207,NA,0.0102132,-0.0223928,0.0137265,CEurope,NA,NA
6997,Appt-1,NED,51.8333,5.5833,6,NA,0.0103388,-0.0114304,-0.00599981,CEurope,NA,NA
7000,Aa-0,GER,50.9167,9.57073,380,-0.000229255,0.0125289,-0.0101695,0.00579148,CEurope,0.142857143,1
7002,Baa-1,NED,51.3333,6.1,19,0.000208515,0.0103252,-0.0135172,-0.00125428,CEurope,0.714285714,0.857142857
7003,Bs-1,SUI,47.5,7.5,363,9.07E-05,0.0115904,-0.0196725,0.0116095,CEurope,0,1
7008,Benk-1,NED,52,5.675,20,0.000315019,0.0102749,-0.0150599,0.00422239,CEurope,0.142857143,1
7013,Bd-0,GER,52.4584,13.287,54,3.90E-05,0.0122275,-0.0020932,0.00520347,SESweden,0,0.714285714
7014,Ba-1,UK,56.5459,-4.79821,174,NA,0.0122596,-0.0160675,0.00768414,CEurope,NA,NA
7025,Bl-1,ITA,44.5041,11.3396,42,0.000251323,0.0120637,-0.00403618,0.0183047,EEurope,0.285714286,0.857142857
7026,Boot-1,UK,54.4,-3.2667,54,NA,0.0111973,-0.0178793,0.00566019,CEurope,NA,NA
7028,Bch-1,GER,49.5166,9.3166,363,3.06E-05,0.0114671,-0.00978591,0.00418256,CEurope,0.428571429,1
7031,Bsch-0,GER,50.0167,8.6667,127,-1.96E-05,0.0133416,-0.0128235,0.0118525,CEurope,0.333333333,1
7036,Bu-0,GER,50.5,9.5,424,-0.000428227,0.0121495,-0.0128416,0.0049941,CEurope,0,0.857142857
7062,Ca-0,GER,50.2981,8.26607,197,8.60E-05,0.0116498,-0.0188884,0.00975057,CEurope,0,1
7063,Can-0,ESP,29.2144,-13.4811,259,0.000228738,-0.0611849,-0.0107922,0.00844075,Relicts,0.8,1
7071,Chat-1,FRA,48.0717,1.33867,141,-0.00066104,0.00898392,-0.0204737,0.00611536,CEurope,0.4,1
7072,Chi-0,RUS,53.7502,34.7361,192,NA,0.0108548,0.0537891,0.0262818,Asia,NA,NA
7077,Co-1,POR,40.12,-8.25,155,7.50E-05,0.00340063,-0.0196289,0.0211055,SMediter,0.5,1
7081,Co,POR,40.2077,-8.42639,20,NA,-0.0123445,-0.0241056,0.00484255,NWSpain,NA,NA
7092,Com-1,FRA,49.416,2.823,43,4.38E-05,0.00957787,-0.0237346,0.0005061,NEEurope,0.166666667,0.857142857
7102,Do-0,GER,50.7224,8.2372,356,NA,0.0119004,-0.0134964,0.00890557,CEurope,NA,NA
7106,Dr-0,GER,51.051,13.7336,114,-0.00022494,0.0134122,-0.00648492,0.015927,EEurope,0,1
7117,El-0,GER,51.5105,9.68253,294,NA,0.012044,-0.0134818,0.00384944,CEurope,NA,NA
7119,En-2,GER,50,8.5,106,NA,0.0123902,-0.0136695,0.0125016,CEurope,NA,NA
7125,Er-0,GER,49.5955,11.0087,283,-0.000309198,0.0112286,-0.0151333,0.00837224,CEurope,0.5,0.857142857
7126,Es-0,FIN,60.1997,24.5682,18,0.000316779,0.00908606,0.025718,-0.0126128,SESweden,0.666666667,0.571428571
7127,Est,GER,58.6656,24.9871,50,-0.000293145,0.0115753,0.00084737,0.0153546,EEurope,0.333333333,0.714285714
7130,Et-0,FRA,44.6447,2.56481,273,NA,0.00881673,-0.0215434,0.0108002,CEurope,NA,NA
7133,Fr-2,GER,50.1102,8.6822,109,NA,0.0107373,-0.0144811,0.00191585,CEurope,NA,NA
7143,Gel-1,NED,51.0167,5.86667,38,-0.000336072,0.0112912,-0.0116265,0.0013728,CEurope,0.166666667,1
7147,Gie-0,GER,50.584,8.67825,162,NA,0.0117572,-0.00457832,-0.00232464,CEurope,NA,NA
7158,Gr-5,AUT,47,15.5,330,NA,0.0111884,-0.00461507,0.0159742,EEurope,NA,NA
7162,Hs-0,GER,52.24,9.44,168,NA,0.0116677,-0.00429672,-0.00413729,CEurope,NA,NA
7163,Ha-0,GER,52.3721,9.73569,61,NA,0.0109232,-0.00792406,0.0106062,EEurope,NA,NA
7164,Hau-0,DEN,55.675,12.5686,5,0.000311555,0.0113003,-0.00476977,-0.00740486,SESweden,0.833333333,1
7165,Hn-0,GER,51.3472,8.28844,263,-0.000584689,0.0104722,-0.00329685,-0.00642142,CEurope,0.285714286,1
7169,Hh-0,GER,54.4175,9.88682,23,NA,0.0110674,-0.0110188,-0.00428675,CEurope,NA,NA
7177,Jm-0,CZE,49,15,526,NA,0.0133704,-0.00245184,0.0167766,EEurope,NA,NA
7181,Je-0,GER,50.927,11.587,153,NA,0.00853319,0.000219415,-0.00370018,SESweden,NA,NA
7186,Kn-0,LTU,54.8969,23.8924,30,-0.000447731,0.0110941,0.0230452,0.0125064,EEurope,0.5,1
7203,Krot-0,GER,49.631,11.5722,421,-0.000412208,0.0142546,-0.00348492,0.0155567,EEurope,0.5,1
7207,Kyoto,JPN,35.0085,135.752,44,-0.000722445,0.0139219,-0.0020911,0.0152188,EEurope,0.4,0.714285714
7208,Lan-0,UK,55.6739,-3.78181,187,NA,0.0118601,-0.0151306,0.0086082,CEurope,NA,NA
7209,La-0,POL,52.7333,15.2333,21,-0.000627384,0.0137405,0.00683327,0.00778663,CEurope,0.714285714,0.875
7217,Lm-2,FRA,48,0.5,154,-2.02E-05,0.00821373,-0.0236073,0.00127739,NEEurope,0,1
7218,Le-0,NED,52.1611,4.49015,3,-9.53E-05,0.0123138,0.00451109,0.0182975,CEurope,0,0.857142857
7223,Li-2:1,GER,50.3833,8.0666,142,NA,0.0138425,-0.00100158,0.0195732,EEurope,NA,NA
7231,Li-7,GER,50.3833,8.0666,142,NA,0.0122833,-0.0130768,0.00937451,CEurope,NA,NA
7244,Mnz-0,GER,50.001,8.26664,93,NA,0.0111564,-0.00863616,0.00141752,CEurope,NA,NA
7250,Me-0,GER,51.9183,10.1138,157,NA,0.0136097,-0.00797062,0.00280222,CEurope,NA,NA
7255,Mh-0,POL,50.95,7.5,289,-0.000832444,0.0122842,-0.0134246,0.0114241,CEurope,0,1
7258,Nw-0,GER,50.5,8.5,277,NA,0.0128408,-0.0129581,0.0101231,CEurope,NA,NA
7268,Np-0,GER,52.6969,10.981,53,0.000221221,0.0127622,-0.00577537,0.00566611,CEurope,0.5,0.833333333
7273,No-0,GER,51.0581,13.2995,276,0.000390539,0.0137618,-0.00118027,0.0133716,EEurope,0.333333333,0.714285714
7276,Ob-0,GER,50.2,8.5833,200,NA,0.013433,-0.0114788,0.00894999,CEurope,NA,NA
7280,Old-1,GER,53.1667,8.2,8,NA,0.0101466,-0.00216291,-0.0119365,CEurope,NA,NA
7282,Or-0,GER,50.3827,8.01161,179,0.000148247,0.0123789,-0.0127665,0.0101499,CEurope,0.333333333,1
7287,Ove-0,GER,53.3422,8.42255,-2,0.000306346,0.011471,-0.00791413,0.000979396,CEurope,0.285714286,1
7296,Petergof,RUS,59,29,74,-0.00029822,0.0127464,-0.00230441,0.0138708,EEurope,0.2,1
7298,Pi-0,AUT,47.04,10.51,2570,-5.05E-05,0.0123867,-0.0142605,0.0136017,EEurope,0.142857143,0.857142857
7305,Pt-0,GER,53.476,10.6065,25,NA,0.0111264,-0.00456565,-0.00374451,CEurope,NA,NA
7306,Pog-0,CAN,49.2655,-123.206,74,NA,0.0094407,-0.0229671,0.00399628,NEEurope,NA,NA
7307,Pn-0,FRA,48.0653,-2.96591,76,NA,0.00896604,-0.0198334,-0.000874597,NEEurope,NA,NA
7316,Rhen-1,NED,51.9667,5.56667,44,5.04E-05,0.00919215,-0.0125358,-0.00243011,CEurope,0.2,0.857142857
7319,Rome-1,ITA,42,12.1,85,NA,0.00986839,-0.0215336,0.0179549,SMediter,NA,NA
7323,Rubezhnoe-1,UKR,49,38.28,126,-0.000777095,0.00902431,0.0958616,0.0346438,Asia,0.333333333,0.857142857
7327,Sf-1,ESP,41.7833,3.03333,56,NA,0.000540984,-0.027818,0.000935058,NESpain,NA,NA
7328,Sf-2,ESP,41.7833,3.03333,56,NA,-0.000369991,-0.0287023,0.000961602,NESpain,NA,NA
7333,Sei-0,ITA,46.5438,11.5614,1042,0.000254318,0.00635509,0.00986357,0.00263208,EEurope,0.2,1
7337,Si-0,GER,50.8738,8.02341,264,NA,0.0119652,-0.0123417,0.00931195,CEurope,NA,NA
7343,Sp-0,GER,52.5339,13.181,34,NA,0.0129144,-0.0024098,0.00631537,SESweden,NA,NA
7346,Ste-0,GER,52.6058,11.8558,34,-0.000462207,0.0123285,-0.00379708,0.00354788,SESweden,0.142857143,1
7347,Stw-0,RUS,52,36,252,-0.000575968,0.0118968,0.0341339,0.021434,EEurope,0.4,0.857142857
7353,Tha-1,NED,52.08,4.3,6,0.000471945,0.00627524,-0.00872875,-0.0189701,CEurope,0,1
7354,Ting-1,SWE,56.5,14.9,167,NA,0.0125531,-0.00164927,-4.33E-06,SESweden,NA,NA
7356,Tol-0,USA,41.6639,-83.5553,189,NA,0.00981489,-0.0204473,0.00442598,NEEurope,NA,NA
7372,Tscha-1,AUT,47.0748,9.9042,736,-0.000826818,0.0126373,-0.0117477,0.0165025,EEurope,0.2,1
7373,Tsu-0,JPN,34.43,136.31,160,-2.93E-05,0.0118437,-0.0129088,0.0116336,CEurope,0.142857143,0.857142857
7378,Uk-1,GER,48.0333,7.7667,212,-0.000687028,0.0110459,-0.0185874,0.0147729,CEurope,0.6,0.857142857
7383,Van-0,CAN,49.2655,-123.206,74,NA,0.00837682,-0.0232135,0.00874394,CEurope,NA,NA
7384,Ven-1,NED,52.0333,5.55,9,0.000155062,0.0101542,-0.0106303,-0.0048125,CEurope,0.285714286,1
7394,Wa-1,POL,52.3,21,78,0.00021902,0.0118503,0.021724,0.0183601,EEurope,0.142857143,0.857142857
7396,Ws-0,RUS,52.3,30,132,NA,0.0123815,0.0216148,0.0222149,EEurope,NA,NA
7404,Wc-1,GER,52.6,10.0667,40,-8.01E-05,0.0125714,-0.00526437,0.00374453,CEurope,0.5,1
7411,Wl-0,GER,47.9299,10.8134,712,-0.000162271,0.0133861,-0.0150062,0.0163659,EEurope,0.2,0.875
7413,Wil-2,LTU,54.6833,25.3167,106,NA,0.0121151,0.0194771,0.0175012,EEurope,NA,NA
7415,Wu-0,GER,49.7878,9.9361,184,NA,0.0116552,-0.0112285,0.00735707,CEurope,NA,NA
7416,Yo-0,USA,37.45,-119.35,1964,NA,0.0108909,-0.0164393,-0.000128409,NEEurope,NA,NA
7417,Zu-0,SUI,47.3667,8.55,436,NA,0.00898736,-0.0233507,0.0136189,CEurope,NA,NA
7418,Zu-1,SUI,47.3667,8.55,436,NA,0.0115852,-0.0140924,0.0138779,EEurope,NA,NA
7419,Db-1,GER,50.3058,8.32213,295,NA,0.0125374,-0.0138499,0.00807223,CEurope,NA,NA
7424,Jl-3,CZE,49.2,16.6166,208,NA,0.0133844,-8.66E-05,0.016356,EEurope,NA,NA
7430,Nc-1,FRA,48.6167,6.25,221,NA,0.011846,-0.0176945,0.0124933,CEurope,NA,NA
7461,H55,CZE,49,15,526,NA,0.0121814,-0.00515462,-0.00686611,CEurope,NA,NA
7477,WAR,USA,41.7302,-71.2825,53,NA,0.0135992,-0.0084311,0.014127,CEurope,NA,NA
7514,RRS-7,USA,41.5609,-86.4251,222,NA,0.011242,-0.016496,0.00913485,EEurope,NA,NA
7516,VÌ´r2-1,SWE,55.58,14.334,0,NA,0.00954827,0.00068587,-0.0224455,SESweden,NA,NA
7520,Lp2-2,CZE,49.38,16.81,568,NA,0.0138082,0.00220761,0.0148835,EEurope,NA,NA
7521,Lp2-6,CZE,49.38,16.81,568,NA,0.0133413,-0.000832217,0.0134671,EEurope,NA,NA
7525,Rmx-A180,USA,42.036,-86.511,194,NA,0.0117158,-0.0253194,0.00504003,NEEurope,NA,NA
7717,KNO1.37,USA,41.273,-86.625,220,NA,0.0111345,-0.0186367,0.00720274,NEEurope,NA,NA
7947,PNA3.40,USA,42.0945,-86.3253,216,NA,0.011014,-0.0236244,0.00364986,NEEurope,NA,NA
8077,PT2.21,USA,41.3423,-86.7368,206,NA,0.0110685,-0.0198121,0.00617643,NEEurope,NA,NA
8132,RMX3.22,USA,42.036,-86.511,194,NA,0.011127,-0.0215676,0.00103901,NEEurope,NA,NA
8171,RMX4.118,USA,42.036,-86.511,194,NA,0.0116918,-0.0263349,0.00261672,NEEurope,NA,NA
8214,Gy-0,FRA,49,2,165,-5.49E-06,0.0100133,-0.0248369,0.000960259,NEEurope,0.5,0.714285714
8222,Lis-2,SWE,56.0328,14.775,2,NA,0.0107616,0.00453553,-0.00758702,SESweden,NA,NA
8227,THÌÐ,SWE,62.7989,17.9103,15,NA,0.00465896,0.0341419,-0.100964,NSweden,NA,NA
8230,Algutsrum,SWE,56.68,16.5,10,0.000120014,0.00841978,0.00203258,-0.0112755,SESweden,0.142857143,1
8231,BrÌ¦1-6,SWE,56.3,16,12,-0.000122292,0.0114738,-0.00111021,-0.00489114,SESweden,0.5,0.857142857
8234,Gul1-2,SWE,56.4606,15.8127,88,NA,0.0105649,-0.00193985,-0.0042673,SESweden,NA,NA
8235,Hod,CZE,48.8,17.1,157,NA,0.0131027,0.00332461,0.0130257,EEurope,NA,NA
8236,HSm,CZE,49.33,15.76,558,NA,0.0150812,-0.00272066,0.0155007,EEurope,NA,NA
8237,KÌ_vlinge-1,SWE,55.8,13.1,22,NA,0.0140008,-0.00789779,-0.00967732,SESweden,NA,NA
8240,Kulturen-1,SWE,55.705,13.196,40,-0.000681812,0.0122287,-0.00625461,-0.00807949,SESweden,0.8,1
8241,Liarum,SWE,55.9473,13.821,136,NA,0.0131215,-0.00190415,-0.000399281,SESweden,NA,NA
8242,LillÌ¦-1,SWE,56.1494,15.7884,2,NA,0.0106255,-0.00329107,-0.00332344,SESweden,NA,NA
8243,PHW-2,ITA,43.7703,11.2547,61,NA,0.0112517,-0.0225014,0.0175647,CEurope,NA,NA
8244,PHW-34,FRA,48.6103,2.3086,77,NA,0.00871354,-0.0223118,0.00697258,CEurope,NA,NA
8246,NC-6,USA,35,-79.18,77,NA,0.0113552,-0.0166481,-0.000435217,NEEurope,NA,NA
8247,San-2,SWE,56.07,13.74,69,0.000298662,0.0120447,-0.0108744,-0.0148506,SWSweden,0.166666667,1
8249,Vimmerby,SWE,57.7,15.8,118,0.000521195,0.01031,0.00623616,-0.00992074,SESweden,0.428571429,1
8256,BÌ´1-2,SWE,56.4,12.9,187,NA,0.0106398,-0.00753128,-0.00281404,CEurope,NA,NA
8264,Bla-1,ESP,41.6833,2.8,6,NA,0.00202205,-0.0277354,0.00189508,NESpain,NA,NA
8283,Dra3-1,SWE,55.76,14.12,80,NA,0.0118794,-0.00443174,-0.00378017,SESweden,NA,NA
8285,DraIII-1,CZE,49.4112,16.2815,497,NA,0.0146817,-0.00229733,0.0154702,EEurope,NA,NA
8306,Hov4-1,SWE,56.1,13.74,59,NA,0.0130556,-0.00838262,-0.00419029,SESweden,NA,NA
8307,Hovdala-6,SWE,56.1,13.74,59,NA,0.011852,-0.00556833,-0.00365864,SESweden,NA,NA
8311,In-0,AUT,47.5,11.5,1849,7.97E-05,0.0113768,-0.00278386,0.0171782,EEurope,0.428571429,1
8312,Is-0,GER,50.5,7.5,259,0.00028386,0.0120275,-0.0129979,0.00756285,CEurope,0,0.571428571
8326,Lis-1,SWE,56.0328,14.775,2,NA,0.0126317,-0.000834331,-0.00439961,SESweden,NA,NA
8334,Lu-1,SWE,55.71,13.2,70,NA,0.0108071,-0.0042207,0.00104776,EEurope,NA,NA
8335,Lund,SWE,55.71,13.2,70,NA,0.0128582,-0.0137116,-0.030624,SWSweden,NA,NA
8337,Mir-0,ITA,44,12.37,120,NA,0.0114649,-0.0215342,0.0178647,CEurope,NA,NA
8343,Na-1,FRA,47.5,1.5,115,NA,0.0122852,-0.0105902,0.00425004,CEurope,NA,NA
8351,Ost-0,SWE,60.25,18.37,15,0.000678044,0.0072693,0.0191997,-0.0617926,NSweden,0.666666667,1
8354,Per-1,RUS,58,56.3167,141,-0.000308752,0.00937753,0.0723917,0.0326594,Asia,0.666666667,0.857142857
8357,Pla-0,ESP,41.5,2.25,293,0.000274726,0.00171474,-0.0289082,0.00164168,NESpain,0.333333333,1
8365,Rak-2,CZE,49,16,351,NA,0.0144898,-0.00373798,0.0153599,EEurope,NA,NA
8366,Rd-0,GER,50.5,8.5,277,NA,0.013479,-0.00857692,0.00850035,CEurope,NA,NA
8369,Rev-1,SWE,55.6942,13.4504,29,NA,0.0130365,-0.0103857,-0.0253979,SWSweden,NA,NA
8376,Sanna-2,SWE,62.69,18,78,0.000723451,0.00684812,0.0376839,-0.0951895,NSweden,0.666666667,1
8386,Sr:5,SWE,58.9,11.2,17,NA,0.0139176,-0.000754324,0.0177002,EEurope,NA,NA
8387,St-0,SWE,59,18,11,-0.000203349,0.0119155,-0.0162626,0.00618245,CEurope,0.6,0.833333333
8419,Wil-1,LTU,54.6833,25.3167,106,NA,0.0130208,0.0199373,0.0153985,EEurope,NA,NA
8420,Kelsterbach-4,GER,50.0667,8.5333,93,NA,0.0119746,-0.0135747,0.0101689,CEurope,NA,NA
8422,FjÌ_1-1,SWE,56.06,14.29,32,NA,0.012255,-0.00685611,-0.00855494,SESweden,NA,NA
8426,Ull1-1,SWE,56.06,13.97,33,NA,0.0127364,-0.00642297,0.000148728,SESweden,NA,NA
8427,Ull2-13,SWE,56.0648,13.9707,33,NA,0.0122788,-0.00568298,-0.00404284,SESweden,NA,NA
9027,RMX413.85,USA,42.036,-86.511,194,NA,0.0116066,-0.0235773,0.000134265,NEEurope,NA,NA
9057,VinslÌ¦v,SWE,56.1,13.9167,30,0.000406654,0.0125954,-0.00442351,-0.00736468,SESweden,0.166666667,1
9058,VÌ_stervik,SWE,57.75,16.6333,12,0.000305518,0.0075661,0.00668787,-0.0329033,SESweden,0.333333333,0.857142857
9069,Xan-5,AZE,38.6536,48.7992,46,NA,0.00409818,-0.0333434,0.081594,SMediter,NA,NA
9070,Xan-6,AZE,38.6536,48.7992,46,NA,0.00343968,-0.0327779,0.0806921,SMediter,NA,NA
9075,Lerik1-4,AZE,38.7406,48.6131,425,NA,0.00392141,-0.0294518,0.0763885,SMediter,NA,NA
9078,Lerik1-7,AZE,38.7406,48.6131,425,NA,0.00231374,-0.0341664,0.0826583,SMediter,NA,NA
9079,Lerik2-1,AZE,38.7833,48.5517,472,NA,0.0023864,-0.0286214,0.0720777,SMediter,NA,NA
9081,Lerik2-3,AZE,38.7833,48.5517,472,NA,0.00398786,-0.030894,0.0764082,SMediter,NA,NA
9089,Nar-3,AZE,38.9522,48.925,-28,NA,0.00387654,-0.028832,0.065916,SMediter,NA,NA
9091,Nar-5,AZE,38.9522,48.925,-28,NA,0.00286762,-0.0275551,0.0684885,SMediter,NA,NA
9095,Istisu-5,AZE,38.9786,48.5594,78,NA,0.00154502,-0.0293349,0.0708196,SMediter,NA,NA
9099,Istisu-9,AZE,38.9786,48.5594,78,NA,0.0033149,-0.0261566,0.0681214,SMediter,NA,NA
9102,Lag1-4,GEO,41.8296,46.2831,488,NA,0.00622111,-0.022869,0.057494,SMediter,NA,NA
9103,Lag1-5,GEO,41.8296,46.2831,488,NA,0.00476968,-0.0190554,0.0586196,SMediter,NA,NA
9104,Lag1-6,GEO,41.8296,46.2831,488,NA,0.00613178,-0.0236135,0.0578807,SMediter,NA,NA
9106,Lag1-8,GEO,41.8296,46.2831,488,NA,0.00474887,-0.0207091,0.0559212,SMediter,NA,NA
9111,Lag2-4,GEO,41.8296,46.2831,488,NA,0.00371332,-0.0219493,0.0635027,SMediter,NA,NA
9121,Bak-5,GEO,41.7942,43.4767,1029,NA,-0.00195986,-0.00497776,0.0335795,SMediter,NA,NA
9125,Geg-14,ARM,40.1408,44.8203,1901,NA,0.00817216,0.0906164,0.0398434,Asia,NA,NA
9298,Edinburgh-1,UK,55.9681,-3.21833,35,NA,0.00975453,-0.0273739,0.00281714,NEEurope,NA,NA
9314,Gol-2,UK,57.9672,-3.96722,101,NA,0.0105832,-0.0253319,0.00416742,NEEurope,NA,NA
9321,ÌÉdal,SWE,62.8622,18.336,68,NA,0.00472697,0.0547284,-0.137272,NSweden,NA,NA
9323,ÌÉdal,SWE,62.8622,18.336,68,NA,0.00592724,0.0533031,-0.128264,NSweden,NA,NA
9332,Bar,SWE,62.8698,18.381,44,NA,0.00608134,0.0492236,-0.121281,NSweden,NA,NA
9336,BÌ¦n,SWE,62.8794,18.4473,1,NA,0.00771868,0.0152563,-0.0566243,SESweden,NA,NA
9339,BÌ¦t,SWE,57.7133,15.0689,324,NA,0.00984847,0.00249724,-0.00846866,SESweden,NA,NA
9343,Dja,SWE,57.3089,18.1512,20,NA,0.00647872,0.00360582,-0.0340773,SESweden,NA,NA
9363,EdJ,SWE,62.9147,18.4045,1,NA,0.00603777,0.0507541,-0.125739,NSweden,NA,NA
9369,EkS,SWE,57.6781,14.9986,214,NA,0.0101288,0.00693523,-0.00930401,SESweden,NA,NA
9370,EkS,SWE,57.6781,14.9986,214,NA,0.0101647,0.0153942,-0.00865114,SESweden,NA,NA
9371,FÌ_L,SWE,63.016,18.3175,40,0.000158043,0.00513907,0.0615153,-0.122691,NSweden,0.333333333,0.857142857
9380,FlyA,SWE,55.7488,13.3742,17,NA,0.0130553,-0.0110465,-0.0300702,SWSweden,NA,NA
9381,Fri,SWE,55.8106,14.2091,2,NA,0.00654522,0.00558412,-0.0344813,SESweden,NA,NA
9382,Fri,SWE,55.8106,14.2091,2,NA,0.00704527,0.00769285,-0.036353,SESweden,NA,NA
9383,Fri,SWE,55.8106,14.2091,2,NA,0.00681055,0.00502632,-0.0326188,SESweden,NA,NA
9386,GrÌ¦n,SWE,62.806,18.1896,38,NA,0.00584327,0.045162,-0.11124,NSweden,NA,NA
9391,Had-2,SWE,57.3263,15.8979,96,NA,0.0108453,0.0126706,-0.00560326,SESweden,NA,NA
9394,Hag-2,SWE,56.5804,16.4063,10,0.000181095,0.00670131,0.000686571,-0.0274036,SESweden,0.5,0.857142857
9399,Ham-1,SWE,55.4234,13.9905,2,-5.04E-05,0.0120528,-0.00704013,-0.00780577,SESweden,0,1
9402,Hel-3,SWE,57.8765,14.8549,195,NA,0.009006,0.00606444,-0.0186096,SESweden,NA,NA
9404,HolA-1,SWE,55.7491,13.399,16,NA,0.0139121,-0.00710355,-0.0160621,SWSweden,NA,NA
9405,HolA-1,SWE,55.7491,13.399,16,NA,0.0136814,-0.00932459,-0.0250387,SWSweden,NA,NA
9407,HolA-2,SWE,55.7491,13.399,16,NA,0.0138986,-0.00841344,-0.0211543,SWSweden,NA,NA
9408,Kal,SWE,56.047,13.9519,103,NA,0.0123229,-0.00586302,-0.00984134,SESweden,NA,NA
9409,Kia,SWE,56.0573,14.302,42,8.83E-05,0.012942,-0.0038281,-0.00127301,SESweden,0.285714286,1
9412,Kor,SWE,57.2746,16.1494,78,NA,0.0112172,0.0162684,-0.00683798,SESweden,NA,NA
9413,Kor,SWE,57.2746,16.1494,78,NA,0.0103966,0.0188011,-0.0116964,SESweden,NA,NA
9416,Kru-3,SWE,57.7215,18.3837,45,-0.000169535,0.0053413,-0.000339574,-0.0314063,SESweden,0.285714286,0.857142857
9421,Lan,SWE,55.9745,14.3997,4,NA,0.0131741,-0.00175315,-0.00801093,SESweden,NA,NA
9427,NÌ_s,SWE,62.8815,18.4055,56,0.000502472,0.00474813,0.0510473,-0.123839,NSweden,0.714285714,0.875
9436,Puk-1,SWE,56.1633,14.6806,6,NA,0.0125398,-0.00190634,-0.00301057,SESweden,NA,NA
9437,Puk-2,SWE,56.1633,14.6806,6,NA,0.012076,0.000260996,-0.0110795,SESweden,NA,NA
9450,Spro,SWE,57.2545,18.2109,18,NA,0.0110631,-0.00071031,-0.0103293,SESweden,NA,NA
9451,Spro,SWE,57.2545,18.2109,18,NA,0.00935699,-0.00154615,-0.0148766,SESweden,NA,NA
9452,Spro,SWE,57.2545,18.2109,18,NA,0.0106451,-0.0056126,-0.0114684,SESweden,NA,NA
9453,Ste,SWE,57.8009,18.5162,47,NA,0.00797388,0.000764567,-0.0168759,SESweden,NA,NA
9454,Ste,SWE,57.8009,18.5162,47,NA,0.00960732,8.14E-06,-0.0134018,SESweden,NA,NA
9455,Ste,SWE,57.8009,18.5162,47,NA,0.00997124,-0.000467453,-0.0157685,SESweden,NA,NA
9470,Tur-4,SWE,57.6511,14.8043,266,-0.000282004,0.00970467,-0.00451433,-0.0108472,SESweden,0.285714286,0.857142857
9471,Ull-A-1,SWE,56.0648,13.9707,33,NA,0.0139736,-0.0115057,-0.0265361,SWSweden,NA,NA
9481,Yst-1,SWE,55.4242,13.8484,9,0.000645812,0.0121085,-0.00610056,-0.00831384,SESweden,0,0.857142857
9503,11C1,UK,55.8877,-3.21072,233,NA,0.00863406,-0.0254388,0.00202719,NEEurope,NA,NA
9506,IP-Alo-0,POR,40.11,-7.47,785,3.02E-05,-0.0204807,-0.0248716,0.0101828,NWSpain,0.333333333,0.875
9507,IP-Coa-0,POR,38.45,-7.5,199,0.000717462,-0.000785047,-0.0234605,0.0210515,SMediter,0.666666667,0.714285714
9508,IP-Mos-1,POR,40.04,-7.11,584,NA,-0.0540645,-0.0209654,0.00521465,NWSpain,NA,NA
9509,IP-Reg-0,POR,39.29,-7.4,539,NA,-0.0246915,-0.0273853,0.016106,NWSpain,NA,NA
9510,IP-Rei-0,POR,38.75,-7.59,551,0.000172624,-0.0195888,-0.0275298,0.0212702,SMediter,0.857142857,0.875
9511,IP-Vav-0,POR,38.53,-8.02,223,NA,-0.013846,-0.0308741,0.020765,SMediter,NA,NA
9512,IP-Vid-1,POR,38.22,-7.84,240,1.50E-05,-0.0179229,-0.030838,0.0225165,SMediter,0.333333333,0.857142857
9513,IP-Adc-5,ESP,38.77,-4.07,687,NA,-0.0415621,-0.021945,0.0113724,NWSpain,NA,NA
9514,IP-Adm-0,ESP,39.15,-4.54,681,NA,-0.0153865,-0.0305453,0.027636,SMediter,NA,NA
9515,IP-Ala-0,ESP,39.72,-6.89,204,NA,-0.0120092,-0.0320336,0.0247424,SMediter,NA,NA
9517,IP-All-0,ESP,42.19,-7.8,471,3.16E-05,-0.01052,-0.0219707,0.0122159,NWSpain,0.6,0.857142857
9518,IP-Alm-0,ESP,39.88,-0.36,851,2.41E-05,-0.0890354,-0.0123461,-0.0238443,NESpain,0.166666667,0.857142857
9519,IP-Ang-0,ESP,41.94,2.64,245,NA,0.00283675,-0.0256307,0.00250291,NESpain,NA,NA
9520,IP-Ara-4,ESP,41.7,-3.68,837,-0.00032822,-0.00324923,-0.0258269,0.006317,NWSpain,0.142857143,0.714285714
9521,IP-Bar-1,ESP,41.43,2.13,296,0.000168459,-0.00118679,-0.026684,-0.00363987,NESpain,0.333333333,0.857142857
9522,IP-Bea-0,ESP,36.52,-5.27,204,4.20E-05,-0.00787355,-0.03022,0.0296181,SMediter,0.5,1
9523,IP-Ben-0,ESP,38.37,-2.66,704,0.000392855,-0.0101556,-0.0248657,0.0141667,NWSpain,0.166666667,1
9524,IP-Ber-0,ESP,42.52,-0.56,1075,0.000364199,-0.00849387,-0.0228156,-0.0234409,NESpain,0.571428571,0.857142857
9525,IP-Bis-0,ESP,42.49,0.54,1455,NA,-0.0147861,-0.0180012,-0.0385817,NESpain,NA,NA
9526,IP-Cab-3,ESP,41.54,2.39,270,0.000164989,-0.000293131,-0.0261882,-0.000324152,NESpain,0.333333333,0.857142857
9527,IP-Cad-0,ESP,40.37,-5.74,1115,-0.000178953,-0.0161722,-0.0184645,0.00900139,NWSpain,0.333333333,0.857142857
9528,IP-Cal-0,ESP,40.94,-1.37,1115,0.000846203,-0.0754923,-0.0122418,-0.0164818,NESpain,0.75,1
9529,IP-Cap-1,ESP,36.97,-3.36,1390,0.000224587,-0.0133997,-0.0205842,0.00345653,NESpain,0.5,0.857142857
9530,IP-Car-1,ESP,38.25,-4.32,771,NA,-0.0726161,-0.021652,0.0218195,Relicts,NA,NA
9531,IP-Cdc-3,ESP,41.21,-4.54,789,NA,-0.0202269,-0.0248517,0.000168233,NWSpain,NA,NA
9532,IP-Cdo-0,ESP,42.23,-4.64,816,NA,-0.00265462,-0.0248861,0.0067379,NWSpain,NA,NA
9533,IP-Cem-0,ESP,41.15,-4.32,887,NA,-0.232483,0.0165477,0.00150998,Relicts,NA,NA
9534,IP-Cmo-3,ESP,40.05,-4.65,390,0.000142865,-0.0218018,-0.0289255,-0.00020539,NWSpain,0.428571429,1
9535,IP-Coc-1,ESP,42.31,3.19,172,0.000583637,-0.0130729,-0.0226575,-0.0144593,NESpain,0.8,1
9536,IP-Cor-0,ESP,40.83,-2,1022,NA,-0.0865986,-0.00883568,-0.0167279,NESpain,NA,NA
9537,IP-Cum-1,ESP,38.07,-6.66,595,0.000231954,-0.0115863,-0.0332862,0.028016,SMediter,0.714285714,1
9539,IP-Deh-1,ESP,40.29,-6.67,869,0.000159379,-0.013471,-0.0258394,0.00656788,NWSpain,0.857142857,0.714285714
9540,IP-Elb-0,ESP,41.81,2.34,1020,NA,-0.00158873,-0.0246238,-0.00231857,NESpain,NA,NA
9541,IP-Fue-2,ESP,38.26,-5.42,598,NA,-0.0127922,-0.0298657,0.0265217,SMediter,NA,NA
9542,IP-Fun-0,ESP,40.79,-4.05,1913,-0.000759278,-0.248462,0.0328316,0.000292674,Relicts,0.142857143,0.857142857
9543,IP-Gra-0,ESP,36.77,-5.39,1178,NA,-0.198228,0.00909839,0.00264269,Relicts,NA,NA
9544,IP-Gua-1,ESP,39.4,-5.33,628,-1.98E-05,-0.0107419,-0.03218,0.0269728,SMediter,0.8,0.875
9545,IP-Her-12,ESP,39.4,-5.78,578,NA,-0.225642,0.00717741,0.00597775,Relicts,NA,NA
9546,IP-Hom-4,ESP,40.82,-1.68,1302,0.000285895,-0.019622,-0.0214615,-0.0101461,NESpain,0.166666667,0.714285714
9547,IP-Hor-0,ESP,41.67,2.62,558,4.94E-05,-0.000624444,-0.0275313,-0.00103575,NESpain,0.571428571,1
9548,IP-Hoy-0,ESP,40.4,-5,1397,7.84E-05,-0.0141031,-0.0203167,-0.000879864,NWSpain,0,1
9549,IP-Hum-2,ESP,42.23,-3.69,900,0.000100852,-0.198442,0.0134618,-0.00308091,Relicts,0,0.714285714
9550,IP-Iso-4,ESP,43.05,-5.37,1761,NA,-0.0642946,0.0028707,-0.0132057,Relicts,NA,NA
9551,IP-Jim-1,ESP,42.28,-5.92,791,NA,-0.0138492,-0.0227376,0.0115066,NWSpain,NA,NA
9552,IP-Lab-7,ESP,40.87,-4.5,982,NA,-0.022848,-0.0235171,0.00522983,NWSpain,NA,NA
9553,IP-Ldd-0,ESP,41.58,-4.71,707,6.83E-05,-0.0167861,-0.025085,-0.000535661,NWSpain,0.333333333,0.857142857
9554,IP-Lso-0,ESP,38.86,-3.16,746,NA,-0.209991,0.00619715,0.00638552,Relicts,NA,NA
9555,IP-Mar-1,ESP,39.58,-3.93,1053,8.88E-05,-0.19758,0.00597234,0.0049771,Relicts,1,1
9556,IP-Men-2,ESP,39.66,-4.34,707,NA,-0.0191653,-0.0289731,2.11E-06,NWSpain,NA,NA
9557,IP-Moa-0,ESP,42.46,0.7,1055,-8.29E-05,-0.0173404,-0.020085,-0.0388575,NESpain,0.166666667,0.857142857
9558,IP-Moc-11,ESP,41.57,-5.64,647,NA,-0.0198061,-0.0216872,0.00761464,NWSpain,NA,NA
9559,IP-Mon-5,ESP,38.06,-4.38,305,-0.000486846,-0.0240251,-0.0246849,0.0153983,NWSpain,0.5,1
9560,IP-Mot-0,ESP,38.19,-6.24,518,-0.000602091,-0.0116419,-0.0318021,0.0268951,SMediter,0.166666667,0.875
9561,IP-Mun-0,ESP,40.71,-5.04,1099,NA,-0.018305,-0.0234302,0.00972424,NWSpain,NA,NA
9562,IP-Mur-0,ESP,41.67,2,928,0.00017167,-0.0118253,-0.0243586,-0.0246305,NESpain,0.285714286,0.857142857
9564,IP-Nog-17,ESP,40.45,-1.6,1352,-9.21E-05,-0.01851,-0.0216134,-0.0285229,NESpain,0.142857143,0.571428571
9565,IP-Orb-10,ESP,42.97,-1.23,775,0.000284713,0.000532413,-0.0206716,-0.00747762,NESpain,0.5,1
9567,IP-Pal-0,ESP,42.34,1.3,1245,-7.92E-05,-0.0153885,-0.0235887,-0.0313846,NESpain,0,1
9568,IP-Pan-0,ESP,42.76,-0.23,1792,-0.000325351,-0.0154698,-0.0215772,-0.0313298,NESpain,NA,NA
9569,IP-Pds-1,ESP,42.87,-6.45,837,NA,-0.0053543,-0.0218263,0.010616,NWSpain,NA,NA
9571,IP-Pro-0,ESP,43.28,-6.01,550,NA,-0.00448991,-0.0235157,-0.00069323,NEEurope,NA,NA
9573,IP-Rds-0,ESP,41.86,2.99,334,NA,0.000252755,-0.0279619,9.10E-05,NESpain,NA,NA
9574,IP-Rel-0,ESP,38.6,-2.7,967,-2.96E-05,-0.0740375,-0.0143588,0.0112714,NWSpain,0.5,1
9576,IP-Rev-0,ESP,40.86,-4.11,1146,-0.000101968,-0.00723956,-0.025611,0.00699002,NWSpain,0,0.857142857
9577,IP-Ria-0,ESP,42.34,2.17,1130,-0.000158908,-0.0165155,-0.019748,-0.0323965,NESpain,0,0.833333333
9578,IP-Sac-0,ESP,42.13,-6.7,1011,NA,-0.00809558,-0.0214717,0.0118439,NWSpain,NA,NA
9579,IP-San-10,ESP,38.33,-3.51,752,0.000108949,-0.0251474,-0.023729,0.0171058,NWSpain,0.142857143,0.571428571
9581,IP-Sdv-3,ESP,42.84,-5.12,987,0.000545157,-0.00675719,-0.0217207,0.00543078,NWSpain,0.142857143,0.857142857
9582,IP-Ses-0,ESP,41.48,-1.63,885,-1.85E-05,-0.0205861,-0.0238559,-0.0148017,NESpain,0.166666667,1
9583,IP-Sne-0,ESP,37.09,-3.38,2528,NA,-0.147435,0.0121086,0.0019233,Relicts,NA,NA
9584,IP-Stp-0,ESP,41.19,-3.58,1148,0.000107803,0.00324389,-0.0234853,0.00593966,NWSpain,0.166666667,0.75
9585,IP-Svi-0,ESP,43.4,-7.39,254,NA,-0.00431805,-0.01757,-0.000985964,NWSpain,NA,NA
9586,IP-Tam-0,ESP,41.03,-3.27,1033,0.000482001,-0.00660194,-0.0261625,-0.00854875,NWSpain,0.166666667,0.571428571
9587,IP-Tdc-0,ESP,41.5,-1.88,891,0.000370361,-0.00231738,-0.0237023,-0.000367168,NWSpain,0,0.857142857
9588,IP-Tol-7,ESP,42.11,0.6,801,NA,-0.0239042,-0.0233135,-0.0333908,NESpain,NA,NA
9589,IP-Tor-1,ESP,41.6,-2.83,993,2.36E-06,0.00122686,-0.0229695,-0.00217601,NWSpain,0.166666667,0.714285714
9590,IP-Trs-0,ESP,43.37,-5.49,254,NA,-0.000394517,-0.0198608,-0.000877306,NWSpain,NA,NA
9591,IP-Vad-0,ESP,42.86,-3.59,798,-0.000104283,-0.00284745,-0.0215529,0.0035658,NWSpain,0.166666667,0.571428571
9593,IP-Vaz-0,ESP,42.26,-2.99,1490,NA,-0.0273389,-0.0113625,-0.0291342,NESpain,NA,NA
9594,IP-Vdm-0,ESP,42.04,1.01,1105,0.000247275,-0.017987,-0.0217373,-0.0334697,NESpain,0.142857143,0.857142857
9595,IP-Vdt-0,ESP,40.89,-5.5,797,0.000107894,-0.0184683,-0.0218653,0.00872367,NWSpain,0.4,1
9596,IP-Ver-5,ESP,41.95,-7.45,383,NA,-0.0196973,-0.0191807,0.013046,NWSpain,NA,NA
9597,IP-Vig-1,ESP,42.31,-2.53,651,-0.000173548,-0.00140363,-0.0242507,-0.00215841,NWSpain,0.142857143,1
9598,IP-Vim-0,ESP,41.88,-6.51,686,0.000105593,-0.216216,0.0190002,0.00565175,Relicts,0.2,1
9599,IP-Vin-0,ESP,42.8,-5.77,1056,NA,-0.00560986,-0.0233487,0.0144295,NWSpain,NA,NA
9600,IP-Vis-0,ESP,39.85,-6.04,359,-6.79E-05,-0.215018,0.0113968,0.00686004,Relicts,0.8,1
9601,IP-Voz-0,ESP,41.85,-1.88,944,NA,-0.00226812,-0.0239199,-0.00127592,NESpain,NA,NA
9602,IP-Vpa-1,ESP,40.5,-3.96,652,0.000101715,-0.0119214,-0.0266667,-0.0024976,NWSpain,0.142857143,1
9606,Aitba-1,MAR,31.48,-7.45,1538,5.37E-05,-0.0262658,0.0037052,-0.00164144,Relicts,0.6,1
9608,Karag-2,RUS,51.37,59.44,295,NA,0.00857673,0.0792927,0.0343759,Asia,NA,NA
9609,Adam-1,RUS,51.41,59.98,336,NA,0.00716687,0.118631,0.0489297,Asia,NA,NA
9610,Lesno-4,RUS,53.04,51.96,103,NA,0.00949724,0.120975,0.0501605,Asia,NA,NA
9611,Lesno-1,RUS,53.04,51.9,82,NA,0.00963796,0.120634,0.0488539,Asia,NA,NA
9612,Lesno-2,RUS,53.04,51.94,97,-0.000333974,0.00906854,0.111593,0.0436312,Asia,0.2,1
9615,Parti-1,RUS,52.99,52.16,143,NA,0.00955483,0.111492,0.0427346,Asia,NA,NA
9616,Krazo-1,RUS,53.06,51.96,109,NA,0.00923865,0.115508,0.0416924,Asia,NA,NA
9617,Karag-1,RUS,51.37,59.44,295,NA,0.00914363,0.113426,0.04321,Asia,NA,NA
9619,Basta-1,RUS,51.84,79.48,210,-0.000235989,0.00899986,0.154746,0.0770774,Asia,0.333333333,1
9622,Bijisk-4,RUS,52.52,85.27,194,NA,0.0115244,0.0349619,0.0266894,EEurope,NA,NA
9625,Kolyv-2,RUS,51.31,82.59,503,-2.69E-05,0.00960809,0.137223,0.0592936,Asia,0.666666667,1
9626,Kolyv-3,RUS,51.36,82.59,481,NA,0.0108196,0.12825,0.0566546,Asia,NA,NA
9629,K-oze-1,RUS,51.35,82.18,373,-3.01E-05,0.0113698,0.128072,0.0560881,Asia,0.428571429,1
9630,K-oze-3,RUS,51.34,82.16,417,NA,0.00917892,0.13374,0.0606689,Asia,NA,NA
9631,Lebja-1,RUS,51.65,80.79,242,NA,0.0088412,0.152616,0.0732314,Asia,NA,NA
9632,Lebja-2,RUS,51.67,80.82,251,8.43E-05,0.0096094,0.15266,0.0759878,Asia,0.6,0.857142857
9634,Masl-1,RUS,54.13,81.31,164,-0.000184277,0.00894691,0.128902,0.0636204,Asia,0.625,0.857142857
9635,Nosov-1,RUS,51.87,80.6,231,NA,0.00944602,0.138791,0.0679596,Asia,NA,NA
9636,Noveg-1,RUS,51.75,80.82,217,NA,0.00845576,0.154405,0.0750512,Asia,NA,NA
9637,Noveg-2,RUS,51.77,80.85,216,0.000148198,0.00962524,0.151521,0.0702564,Asia,0.833333333,0.714285714
9638,Noveg-3,RUS,51.73,80.86,231,NA,0.0096611,0.143557,0.0699392,Asia,NA,NA
9640,Rakit-1,RUS,51.87,80.06,185,0.000402023,0.0092658,0.150516,0.0726028,Asia,0.6,0.875
9641,Rakit-2,RUS,51.9,80.06,185,NA,0.00915085,0.141618,0.0704882,Asia,NA,NA
9642,Rakit-3,RUS,51.84,80.06,179,NA,0.00904526,0.146982,0.0710679,Asia,NA,NA
9643,Sever-1,RUS,52.1,79.31,145,0.00019213,0.00959116,0.156047,0.0751418,Asia,0.333333333,0.714285714
9644,Zupan-1,CRO,45.07,18.72,79,NA,0.012214,-0.0045763,0.0153551,EEurope,NA,NA
9645,Gradi-1,CRO,45.17,18.7,81,NA,0.0117625,-0.00361841,0.0162521,EEurope,NA,NA
9647,Basen-1,ITA,40.37,16.77,10,NA,0.00681035,-0.0216074,0.0228441,SMediter,NA,NA
9649,Bivio-1,ITA,39.13,16.17,497,0.000135204,0.00813198,-0.0203169,0.0229569,SMediter,0.142857143,1
9651,Filet-1,ITA,40.68,14.87,58,NA,0.00832902,-0.0207039,0.0221861,SMediter,NA,NA
9653,Giffo-1,ITA,38.44,16.13,407,0.000496495,0.00723954,-0.023738,0.0251858,SMediter,0.5,0.875
9656,Marti-1,ITA,40.64,17.31,427,NA,0.00737152,-0.00746743,0.0189054,SMediter,NA,NA
9657,Melic-1,ITA,38.45,16.04,92,0.000230913,0.00758287,-0.0250093,0.0243485,SMediter,0.875,1
9659,Pigna-1,ITA,41.18,14.18,56,0.000351483,0.00975383,-0.0184561,0.0197574,SMediter,0.4,1
9660,Sarno-1,ITA,40.84,14.57,23,NA,0.00867268,-0.0226161,0.0208334,SMediter,NA,NA
9661,Cimin-1,ITA,39.58,16.21,135,NA,0.00788185,-0.0212977,0.0258184,SMediter,NA,NA
9663,Teano-1,ITA,41.33,14.09,167,NA,0.0103861,-0.0223373,0.0195507,SMediter,NA,NA
9664,Mitterberg-1-179,ITA,46.36,11.28,513,NA,0.00684082,0.0140637,-0.00401675,EEurope,NA,NA
9665,Mitterberg-1-180,ITA,46.36,11.28,513,NA,0.00729351,0.0116941,-0.00307393,EEurope,NA,NA
9669,Mitterberg-2-185,ITA,46.37,11.28,494,NA,0.00756875,0.00952165,0.000650259,EEurope,NA,NA
9672,Mitterberg-3-188,ITA,46.37,11.28,494,NA,0.00783656,0.0121849,-0.00266207,EEurope,NA,NA
9678,Mitterberg-4-194,ITA,46.37,11.29,224,NA,0.00772599,0.0114045,0.00251179,EEurope,NA,NA
9686,Castelfed-2-202,ITA,46.34,11.29,296,NA,0.0064119,0.011132,0.0013511,EEurope,NA,NA
9697,Dolen-1,BUL,41.62,23.94,995,-0.000166226,0.00989944,0.0129935,0.0249376,SMediter,0.166666667,0.833333333
9698,Goced-1,BUL,41.57,23.85,630,0.000106164,0.0102524,0.0048874,0.0244007,SMediter,0.428571429,0.714285714
9699,Kolar-1,BUL,41.37,23.14,319,-0.000160871,0.0101306,-0.00155152,0.0238994,SMediter,1,0.857142857
9701,Ivano-1,BUL,43.7,25.91,175,NA,0.00443883,0.0191018,0.0223178,SMediter,NA,NA
9703,Melni-1,BUL,41.53,23.39,485,NA,0.00748184,0.000987142,0.0231203,SMediter,NA,NA
9705,Choto-1,BUL,41.5,23.33,216,NA,0.0072053,0.00190204,0.0259563,SMediter,NA,NA
9706,Dospa-1,BUL,41.64,24.18,1297,NA,0.00907309,0.0162189,0.0274159,SMediter,NA,NA
9707,Podvi-1,BUL,41.57,24.84,863,NA,0.000623328,0.00383567,0.0249784,SMediter,NA,NA
9708,Kardz-1,BUL,41.62,25.35,296,NA,-0.00138843,-0.00180979,0.0250681,SMediter,NA,NA
9709,Zerev-1,BUL,41.85,23.13,359,NA,0.0090814,-0.00177431,0.0227556,SMediter,NA,NA
9710,Zerev-1,BUL,41.85,23.13,359,NA,0.0094202,-0.00156109,0.0244785,SMediter,NA,NA
9711,Dolna-1,BUL,42.32,23.1,626,NA,0.00805364,0.00572309,0.0226268,SMediter,NA,NA
9713,Stara-1,BUL,42.49,25.61,365,-0.000422092,0.00815267,0.00694806,0.0260084,SMediter,0.2,0.857142857
9714,Grivo-1,BUL,41.84,25.75,234,NA,0.00273813,-0.00211694,0.0226025,SMediter,NA,NA
9716,Leska-1,BUL,41.54,24.98,724,0.000285479,0.00110889,-2.96E-05,0.0242384,SMediter,0.285714286,0.714285714
9717,Kardz-2,BUL,41.66,25.47,298,NA,0.00164952,-0.000410991,0.0229355,SMediter,NA,NA
9718,Smolj-1,BUL,41.55,24.75,1117,NA,0.00815285,-0.00268988,0.0259978,SMediter,NA,NA
9719,Koren-1,BUL,41.83,25.69,170,0.000282945,0.00585858,-0.00364183,0.0231187,SMediter,0,0.857142857
9720,Malak-1,BUL,41.77,25.68,273,NA,0.00446828,-0.00246837,0.0246937,SMediter,NA,NA
9722,Groch-1,BUL,41.71,24.41,728,NA,0.000793391,0.0126902,0.0254892,SMediter,NA,NA
9723,Slavi-2,BUL,41.42,23.67,1007,-7.00E-05,0.00943746,0.0222006,0.0294047,SMediter,0.142857143,0.857142857
9725,Epidauros-1,GRC,37.6,23.08,357,NA,0.00525298,-0.00858322,0.0135719,SMediter,NA,NA
9726,Faneronemi-3,GRC,37.07,22.04,7,0.000342154,0.00727501,-0.0172948,0.0201309,SMediter,0.333333333,0.857142857
9729,Stiav-2,SVK,48.46,18.9,609,NA,0.0130141,0.00520773,0.0153692,EEurope,NA,NA
9730,Bela-1,SVK,48.47,18.94,463,NA,0.0137984,0.00481332,0.0167307,EEurope,NA,NA
9731,Stiav-3,SVK,48.46,18.9,609,NA,0.013261,0.00559036,0.0195049,EEurope,NA,NA
9732,Halca-1,SVK,48.47,18.96,602,NA,0.0132669,0.00961438,0.0210585,EEurope,NA,NA
9733,Bela-2,SVK,48.47,18.94,463,NA,0.0135147,0.00739634,0.0204584,EEurope,NA,NA
9735,Bela-4,SVK,48.47,18.94,463,NA,0.0144084,0.00663606,0.0168132,EEurope,NA,NA
9736,Teiu-2,ROU,44.69,25.17,207,-0.000277734,0.00910908,0.0247415,0.0259423,Asia,0.4,0.857142857
9737,Ulies-1,ROU,45.95,22.62,173,0.000119605,0.00964773,0.144934,0.0673983,Asia,0.333333333,1
9738,Bran-1,ROU,45.57,25.42,657,NA,0.0107588,-0.000950953,0.017932,EEurope,NA,NA
9739,Toc-1,ROU,46.01,22.33,217,-0.000331729,0.0116189,0.0117078,0.0152505,EEurope,0.285714286,1
9741,Orast-1,ROU,45.84,23.16,233,0.000299272,0.0109103,0.0138364,0.0184209,EEurope,0.2,0.75
9743,Furni-1,ROU,45.14,25,465,0.000312289,0.00960349,0.0243304,0.0215279,Asia,0.571428571,0.857142857
9744,Iasi-1,ROU,47.16,27.59,65,NA,0.0101914,0.0255363,0.0217449,EEurope,NA,NA
9747,Zabar-1,SRB,44.38,21.22,94,NA,0.010561,-0.000410525,0.0159418,EEurope,NA,NA
9748,Zagub-1,SRB,44.23,21.71,272,3.76E-05,0.0106009,0.00123406,0.0168413,EEurope,0.428571429,0.571428571
9749,Knjas-1,SRB,43.54,22.29,309,0.000335837,0.0096288,0.00139408,0.0236127,SMediter,0.4,0.857142857
9754,Sredn-1,SRB,44.66,21.37,205,NA,0.0102518,0.00842153,0.0188734,EEurope,NA,NA
9755,Vajug-1,SRB,44.56,22.56,136,NA,0.00647558,0.0102308,0.024212,SMediter,NA,NA
9756,Staro-2,SRB,44.3,21.08,120,NA,0.0110222,-0.00140393,0.0147866,EEurope,NA,NA
9757,Staro-1,SRB,44.3,21.08,120,NA,0.0100704,-0.00415582,0.0223852,SMediter,NA,NA
9758,Altai-5,CHN,47.75,88.4,885,0.000244488,0.00793841,0.137714,0.0667794,Asia,0.428571429,0.857142857
9759,Anz-0,IRN,37.47,49.47,-23,-8.10E-05,0.00405286,-0.0251079,0.0600686,SMediter,0.4,1
9761,Bik-1,LBN,33.92,35.7,930,NA,0.0133767,-0.00354326,0.0144168,EEurope,NA,NA
9762,Etna-2,ITA,37.69,14.98,1671,NA,-0.0443109,-0.00168222,0.00218777,Relicts,NA,NA
9764,Qar-8a,LBN,34.1,35.84,1122,NA,-0.0441015,-0.0074235,0.00742405,Relicts,NA,NA
9766,Westkar-4,KGZ,42.26,74.16,2353,-0.00064857,0.009511,0.143948,0.0710543,Asia,0,1
9768,RÌ_4-16,GER,48.57,9.16,408,NA,0.0133583,-0.0140782,0.0161107,EEurope,NA,NA
9769,HE-1,GER,48.55,8.99,507,0.000457041,0.0135227,-0.0158434,0.0197916,EEurope,0,1
9770,KBG2-13,GER,48.53,9.01,408,NA,0.0130355,-0.0157832,0.018281,EEurope,NA,NA
9771,Pfn-N2.2-6,GER,48.56,9.11,466,NA,0.0128415,-0.0154459,0.0185719,EEurope,NA,NA
9772,HÌ¦f-1,GER,48.41,8.85,448,NA,0.0132344,-0.0156919,0.0158318,EEurope,NA,NA
9774,Alt-1,GER,48.59,9.22,372,-0.000778864,0.0131278,-0.0116028,0.0159081,EEurope,0.428571429,0.857142857
9775,Berg-1,GER,48.41,8.79,526,-0.000436183,0.0131056,-0.0133573,0.0134412,EEurope,0.166666667,0.857142857
9776,Fell3-7,GER,48.43,8.79,525,NA,0.0123535,-0.0162245,0.0166006,EEurope,NA,NA
9777,Gn-1,GER,48.57,9.17,399,NA,0.0134473,-0.0139555,0.0180134,EEurope,NA,NA
9778,Bach-7,GER,48.41,8.84,472,NA,0.0128021,-0.0159088,0.0165525,EEurope,NA,NA
9779,Bai-10,GER,48.5,8.78,480,-0.000819325,0.0122153,-0.016424,0.0174947,EEurope,0.5,1
9780,Fell2-4,GER,48.43,8.79,525,NA,0.0126901,-0.0153819,0.0185977,EEurope,NA,NA
9781,Kus2-2,GER,48.52,9.11,428,-0.000107736,0.0135401,-0.0159769,0.0184938,EEurope,0.333333333,0.75
9782,Lu3-30,GER,48.53,9.09,345,-4.27E-05,0.0131922,-0.0122654,0.0202142,EEurope,0,0.714285714
9783,TÌ_-PK-7,GER,48.52,9.05,333,NA,0.00586701,-0.00322358,-0.0237895,CEurope,NA,NA
9784,Erg2-6,GER,48.5,8.8,472,-0.000634694,0.0134473,-0.0161817,0.0184465,EEurope,0.428571429,0.857142857
9785,Ha-HBT1-2,GER,48.54,9.02,396,NA,0.0122196,-0.0155581,0.0183965,EEurope,NA,NA
9786,Ha-P-13,GER,48.54,9.01,436,NA,0.0132393,-0.016151,0.0164774,EEurope,NA,NA
9787,HI-4,GER,48.5,9,327,NA,0.0117588,-0.0154649,0.0168332,EEurope,NA,NA
9788,KBG1-14,GER,48.53,9.01,408,NA,0.0131694,-0.0155365,0.0163577,EEurope,NA,NA
9789,Obh-13,GER,48.39,8.96,507,NA,0.0120812,-0.0140702,0.0187233,EEurope,NA,NA
9790,Gn2-3,GER,48.58,9.18,416,NA,0.0126767,-0.0128938,0.0161671,EEurope,NA,NA
9791,Haes-1,GER,48.6,9.2,419,NA,0.0132031,-0.0135518,0.0164699,EEurope,NA,NA
9792,Lu4-2,GER,48.54,9.09,443,NA,0.0132814,-0.0141072,0.0206072,EEurope,NA,NA
9793,RÌ_-N2,GER,48.57,9.16,408,NA,0.0133253,-0.0145638,0.0193308,EEurope,NA,NA
9794,TÌ_-B1-2,GER,48.52,9.08,315,NA,0.0126615,-0.0154722,0.0174575,EEurope,NA,NA
9795,Wank-2,GER,48.5,9.11,402,NA,0.013561,-0.0133434,0.0159584,EEurope,NA,NA
9796,Bach2-1,GER,48.41,8.84,472,NA,0.0134517,-0.0141901,0.016978,EEurope,NA,NA
9797,Ha-HBT2-10,GER,48.54,9.02,396,NA,0.0135513,-0.015374,0.0182815,EEurope,NA,NA
9798,Ha-P2-1,GER,48.54,9.01,436,NA,0.0130679,-0.0167183,0.0172584,EEurope,NA,NA
9799,Hart-2,GER,48.39,8.85,471,NA,0.0126706,-0.0144998,0.0161956,EEurope,NA,NA
9800,Ha-S-B,GER,48.54,9.01,436,NA,0.0131057,-0.0147143,0.0173059,EEurope,NA,NA
9801,Ha-SP-2,GER,48.54,9.01,436,NA,0.012689,-0.0163199,0.0193552,EEurope,NA,NA
9802,Kus3-1,GER,48.51,9.11,423,NA,0.0134962,-0.0169188,0.0190025,EEurope,NA,NA
9803,MÌ_h-2,GER,48.42,8.76,386,0.000164154,0.0132752,-0.0138602,0.0183548,EEurope,0.5,0.857142857
9804,Obe1-15,GER,48.45,8.87,475,-8.49E-05,0.0130149,-0.0149544,0.0177325,EEurope,0,0.857142857
9805,Pfn-10,GER,48.54,9.09,443,NA,0.0124521,-0.0153304,0.0159749,EEurope,NA,NA
9806,RÌ_-2,GER,48.56,9.16,350,NA,0.0114663,-0.016296,0.0160165,EEurope,NA,NA
9807,Schl-7,GER,48.6,9.22,369,NA,0.0120754,-0.0138085,0.0158313,EEurope,NA,NA
9808,TÌ_-B2-3,GER,48.52,9.08,315,NA,0.0136534,-0.0162354,0.0171364,EEurope,NA,NA
9810,TÌ_-KS-7,GER,48.53,9.07,324,NA,0.0135692,-0.0140917,0.0158133,EEurope,NA,NA
9811,TÌ_-NK-12,GER,48.52,9.05,333,NA,0.0128406,-0.0103128,0.0134116,EEurope,NA,NA
9812,TÌ_-W1,GER,48.52,9.03,338,NA,0.0127063,-0.0121377,0.0144555,EEurope,NA,NA
9813,BI-4,GER,48.4,8.77,517,-0.000278834,0.0131294,-0.0158454,0.0186855,EEurope,0.166666667,1
9814,Fell1-10,GER,48.42,8.79,523,5.60E-05,0.0134668,-0.0162488,0.0168932,EEurope,0.5,0.857142857
9815,Ha-HBT3-11,GER,48.54,9.02,396,NA,0.0131882,-0.0115863,0.0186003,EEurope,NA,NA
9817,Ace-0,ESP,39.84,-6.6,323,NA,-0.0268255,-0.0277938,0.0175392,NWSpain,NA,NA
9819,Amu-0,ESP,42.35,-3.03,955,NA,0.00247101,-0.0247922,0.00142015,NWSpain,NA,NA
9820,Are-0,ESP,41,-4.71,845,NA,-0.0196028,-0.0260778,0.00359044,NWSpain,NA,NA
9821,Aru-0,ESP,41.81,2.49,471,NA,0.000663326,-0.0260548,-0.00367987,NESpain,NA,NA
9822,Aul-0,ESP,40.52,-4.02,800,NA,-0.0160704,-0.0289368,-0.00454566,NWSpain,NA,NA
9823,Bae-0,ESP,43.34,-5.84,238,NA,0.00391689,-0.0231675,0.00298861,NEEurope,NA,NA
9824,Bes-5,ESP,42.91,-4.91,1421,NA,-0.0245481,-0.0118587,-0.000832518,NWSpain,NA,NA
9825,Boa-0,ESP,40.4,-3.88,668,NA,-0.0199367,-0.0281999,-0.00237733,NWSpain,NA,NA
9826,Bor-0,ESP,42.49,-6.71,607,NA,-0.00861289,-0.021813,0.0133306,NWSpain,NA,NA
9827,Bos-0,ESP,42.78,0.69,723,NA,0.00737421,-0.0208344,0.00680415,CEurope,NA,NA
9828,Bra-0,ESP,42.5,-6.15,978,NA,-0.00671219,-0.0221201,0.0109679,NWSpain,NA,NA
9830,Bus-0,ESP,36.97,-3.28,1433,NA,-0.012985,-0.0178204,0.00450688,NWSpain,NA,NA
9831,Cas-0,ESP,38.54,-3.39,808,NA,-0.0180894,-0.025873,0.0152134,NWSpain,NA,NA
9832,Cat-0,ESP,40.54,-3.69,712,NA,-0.222413,0.00571853,0.00780473,Relicts,NA,NA
9833,Cha-0,ESP,40.38,-4.21,692,NA,-0.0144098,-0.0303082,0.000681457,NWSpain,NA,NA
9834,Cho-0,ESP,40.51,-3.9,741,NA,-0.0163994,-0.0282539,-0.00135468,NWSpain,NA,NA
9835,Cir-0,ESP,40.61,-6.57,659,NA,-0.00953503,-0.0235771,0.0120511,NWSpain,NA,NA
9836,Cod-0,ESP,41.25,-1.32,991,NA,-0.0244703,-0.0227201,-0.0202972,NESpain,NA,NA
9837,Con-0,ESP,37.94,-5.6,740,NA,-0.160962,0.00016137,0.0102884,Relicts,NA,NA
9838,Cot-0,ESP,41.83,-5.38,729,NA,-0.00937904,-0.0217825,0.0115203,NWSpain,NA,NA
9839,Coy-0,ESP,40.44,-4.27,1007,NA,-0.0128009,-0.0253869,0.00665644,NWSpain,NA,NA
9840,Dar-0,ESP,41.13,-1.43,896,NA,-0.0301947,-0.0231209,-0.0204397,NESpain,NA,NA
9841,Ees-0,ESP,40.59,-4.15,1007,NA,-0.0152268,-0.0300278,-0.000690032,NWSpain,NA,NA
9843,Elp-0,ESP,40.53,-3.92,659,NA,-0.0138394,-0.031068,-0.00190993,NWSpain,NA,NA
9845,Evs-0,ESP,40.48,-3.96,625,NA,-0.0173386,-0.0288479,-0.00512501,NWSpain,NA,NA
9846,Ezc-2,ESP,42.31,-3.02,829,NA,0.00131945,-0.0258637,0.00110229,NWSpain,NA,NA
9847,Fel-2,ESP,43.31,-5.7,201,NA,0.0041982,-0.024256,0.00378647,NEEurope,NA,NA
9848,Glo-1,ESP,40.11,-5.77,630,NA,-0.0139745,-0.023469,0.00530824,NWSpain,NA,NA
9849,Gud-3,ESP,40.65,-4.11,1037,NA,-0.00500058,-0.0235101,0.00999246,NWSpain,NA,NA
9850,Hec-0,ESP,42.86,-0.7,1442,NA,-0.00791532,-0.0230412,-0.0162535,NESpain,NA,NA
9851,Hue-3,ESP,42.96,-6.1,1227,NA,-0.00714183,-0.0214092,0.00781267,NWSpain,NA,NA
9852,Ini-0,ESP,40.46,-3.75,594,NA,-0.0156692,-0.0308563,-0.0015668,NWSpain,NA,NA
9853,Lac-0,ESP,43.33,-5.91,115,NA,0.00371019,-0.0226223,0.00183114,NEEurope,NA,NA
9854,Laf-1,ESP,43.36,-5.88,213,NA,0.000654931,-0.0220613,-0.0011351,NEEurope,NA,NA
9855,Lam-0,ESP,40.57,-3.89,727,NA,-0.0247945,-0.0299359,0.00153126,NWSpain,NA,NA
9866,Mdd-0,ESP,41.89,-2.79,1104,NA,-0.0112852,-0.0204452,-0.00413581,NESpain,NA,NA
9867,Mie-1,ESP,40.94,-3.22,992,NA,-0.00593007,-0.0264028,-0.00680705,NWSpain,NA,NA
9868,Moe-0,ESP,41.78,2.37,756,NA,-0.00423033,-0.0255128,-0.00994709,NESpain,NA,NA
9869,Moj-0,ESP,36.76,-5.28,878,NA,-0.180637,0.00849044,0.00467193,Relicts,NA,NA
9870,Moz-0,ESP,41.91,0.17,251,NA,-0.011928,-0.0222956,-0.0246446,NESpain,NA,NA
9871,Nac-0,ESP,40.75,-3.99,1352,NA,-0.265084,0.0318188,0.00546001,Relicts,NA,NA
9873,Ndc-0,ESP,37.94,-5.45,415,NA,-0.0155318,-0.0303864,0.0263494,SMediter,NA,NA
9874,Oja-0,ESP,42.34,-3,908,NA,0.00246479,-0.0256944,0.00231341,NWSpain,NA,NA
9875,Ovi-1,ESP,43.38,-5.87,401,NA,0.000273692,-0.0241718,0.000258441,NEEurope,NA,NA
9876,Pad-0,ESP,41.34,0.99,981,NA,-0.0190086,-0.0217454,-0.0297369,NESpain,NA,NA
9877,Pdl-0,ESP,43.02,-5.6,1465,NA,-0.00640501,-0.0223279,0.0104934,NWSpain,NA,NA
9878,Pee-0,ESP,40.78,-3.62,870,NA,-0.0225973,-0.0272241,-0.0107813,NESpain,NA,NA
9879,Per-0,ESP,37.6,-1.12,361,NA,-0.186651,0.00747328,0.00256471,Relicts,NA,NA
9880,Pib-1,ESP,42.72,-3.44,640,NA,-0.0290237,-0.0189023,-0.00654409,NESpain,NA,NA
9881,Pie-0,ESP,40.46,-5.32,1073,NA,-0.021062,-0.0224344,0.0110958,NWSpain,NA,NA
9882,Pil-0,ESP,40.46,-4.26,863,NA,-0.021601,-0.0288285,-0.00310833,NWSpain,NA,NA
9883,Piq-0,ESP,42.1,-2.56,1267,NA,0.00278638,-0.0243298,-0.000104119,NWSpain,NA,NA
9885,Prd-0,ESP,41.14,-3.68,1145,NA,-0.0070771,-0.025803,0.00153546,NWSpain,NA,NA
9886,Pru-0,ESP,42.38,1.73,1151,NA,-0.0127769,-0.0244334,-0.025378,NESpain,NA,NA
9887,Pun-0,ESP,40.4,-4.77,814,NA,-0.259071,0.0298776,0.00558294,Relicts,NA,NA
9888,Pva-1,ESP,40.93,-3.31,870,NA,-0.0171137,-0.0267711,-0.00850589,NESpain,NA,NA
9890,Rib-1,ESP,43.16,-5.07,711,NA,-0.00880008,-0.0208044,0.0082145,NWSpain,NA,NA
9891,Sal-0,ESP,41.93,2.92,241,NA,0.00165604,-0.0271776,0.00299632,NESpain,NA,NA
9892,Sam-0,ESP,42.68,-6.96,880,NA,-0.00984366,-0.0227339,0.0126417,NWSpain,NA,NA
9894,Sen-0,ESP,42.59,0.76,1463,NA,-0.00481321,-0.00977586,-0.00597877,NESpain,NA,NA
9895,Sfb-6,ESP,41.78,2.57,261,NA,0.00487338,-0.0216504,0.00353914,NESpain,NA,NA
9897,Smt-1,ESP,40.95,-5.63,787,NA,-0.0274105,-0.0227025,0.0123087,NWSpain,NA,NA
9898,Som-0,ESP,41.14,-3.58,1451,NA,-0.00590344,-0.0210781,-0.00585645,NWSpain,NA,NA
9899,Tau-0,ESP,42.54,0.84,1281,NA,-0.0136839,-0.0170062,-0.0357529,NESpain,NA,NA
9900,Tri-0,ESP,37.38,-6.01,12,NA,-0.00886902,-0.0303176,0.0280194,SMediter,NA,NA
9901,Urd-1,ESP,42.27,-2.98,1338,NA,-0.00279685,-0.0228328,-0.00536847,NESpain,NA,NA
9902,Usa-0,ESP,40.71,-3.24,809,NA,-0.0104485,-0.0233631,-0.00783768,NESpain,NA,NA
9903,Val-0,ESP,42.31,-3.1,1162,NA,0.00153681,-0.0266124,0.00175544,NWSpain,NA,NA
9904,Vas-0,ESP,40.95,-3.31,859,NA,-0.00926166,-0.0264349,-0.00698146,NWSpain,NA,NA
9905,Ven-0,ESP,40.76,-4.01,1618,NA,-0.215088,0.0294212,0.00524676,Relicts,NA,NA
9906,Mah-6,ESP,40,4.25,2,NA,0.000186874,-0.0234486,0.00485709,NESpain,NA,NA
9910,BRI-2,FRA,50.68,3.52,47,0.000198084,0.00884999,-0.0237581,0.000500202,NEEurope,0.666666667,1
9915,Mar-4-16,FRA,47.45,3.94,352,NA,0.0142105,-0.00155455,0.016873,EEurope,NA,NA
9918,SAUL-24,FRA,47.43,5.21,245,NA,0.00917211,-0.023066,0.00936012,CEurope,NA,NA
9920,DIR-9,FRA,48.54,4.32,133,5.88E-05,0.0113527,-0.0233636,0.00405777,NEEurope,0.4,1
9924,PLY-20,FRA,48.59,4.24,103,NA,0.00992171,-0.00917127,-0.00862211,CEurope,NA,NA
9925,RUM-20,FRA,48.91,4.52,120,-0.000368676,0.00927243,-0.0165729,-0.000329487,NEEurope,0,1
9927,ARR-17,FRA,44.05,3.69,286,NA,0.00942255,-0.0203866,0.00369121,NEEurope,NA,NA
9928,BEZ-9,FRA,44.12,3.77,424,NA,0.00980431,-0.0215552,0.0107619,CEurope,NA,NA
9933,VED-10,FRA,43.74,3.89,138,0.000109721,0.011435,0.051486,0.031104,Asia,0.857142857,1
9935,BAU-15,FRA,50.6,2.93,26,NA,0.00682274,-0.0218373,0.0168837,CEurope,NA,NA
9937,CATS-6,FRA,50.79,2.69,79,NA,0.00957886,-0.0288073,0.00379971,NEEurope,NA,NA
9938,WAV-8,FRA,50.65,2.99,44,NA,0.0091752,-0.0244757,0.00227861,NEEurope,NA,NA
9944,Don-0,ESP,36.83,-6.36,4,0.000261618,-0.180073,0.0054302,0.00440544,Relicts,0.666666667,1
9947,Ped-0,ESP,40.74,-3.9,1097,NA,-0.220778,0.0254318,0.00575603,Relicts,NA,NA
10020,Jl-2,CZE,49.17,16.5,271,NA,0.0141681,-0.000157996,0.0148042,EEurope,NA,NA